EAN;Menor preço (R$);Origem;Produto;Link
7898040328788;24.89;DROGAL;Protetor Solar Facial Imecap Actsun FPS60 Cor Média 50g;https://www.drogal.com.br/protetor-solar-facial-imecap-actsun-fps60-cor-media-50g/p
7898717929645;8.99;DROGAL;Ovo Toys Patrulha Canina 1 Unidade;https://www.drogal.com.br/ovo-toys-patrulha-canina-1-unidade/p
7899026425958;7.25;DROGAL;Esmalte Colorama Cremoso Melancia 8ml;https://www.drogal.com.br/esm-col-crem-melancia/p
7896004782249;48.09;DROGAL;Dienogeste 2mg Germed 30 Comprimidos;https://www.drogal.com.br/dienogeste-2mg-germed-30-comprimidos/p
070942122863;24.99;DROGAL;Palito Interdental G.U.M. Soft Picks Original 40 Unidades;https://www.drogal.com.br/palito-interdental-gum-soft-picks-original-40-unidades/p
7892840822385;6.55;DROGAL;Salgadinho Doritos Queijo Nacho 32g;https://www.drogal.com.br/salgadinho-doritos-queijo-nacho-32g/p
7896658048166;191.89;DROGAL;Aquarela 1mg/ml Suspensão Oral 150ml + Seringa Dosadora;https://www.drogal.com.br/aquarela-1mg-ml-suspensao-oral-150ml-seringa-dosadora/p
7898734800064;157.29;DROGAL;Hialugen 60 Comprimidos Revestidos;https://www.drogal.com.br/hialugen-60-comprimidos-revestidos/p
7894222010731;7.99;DROGAL;Esmalte Cremoso Dailus Queridinhos Rosa Açaí 8ml;https://www.drogal.com.br/esmalte-cremoso-dailus-queridinhos-rosa-acai-8ml/p
5012909005647;158.69;DROGAL;Concha Protetora Para Seios Avent 6 Unidades;https://www.drogal.com.br/concha-protetora-para-seios-avent-6-unidades/p
7896016804915;26.59;DROGAL;Luftal 75mg/ml Gotas Sabor Cereja 15ml;https://www.drogal.com.br/luftal-75mgml-gotas-sabor-cereja-15ml/p
4005900429643;17.29;DROGAL;"Desodorante Antitranspirante Aerosol Nivea Invisible Black &amp; White Fresh 150ml";https://www.drogal.com.br/desodorante-antitranspirante-aerosol-nivea-invisible-black-white-fresh-150ml/p
7896331708790;22.59;DROGAL;Sanasar 250mg/ml Loção Erva-Doce 100ml;https://www.drogal.com.br/sanasar-emulsao-100ml/p
7891033535040;39.59;DROGAL;Shampoo Eudora Siàge Liso Intenso 250ml;https://www.drogal.com.br/shampoo-eudora-siage-liso-intenso-250ml/p
7891317177683;84.29;DROGAL;Primera 30 0,150mg + 0,030mg 63 Comprimidos;https://www.drogal.com.br/primera-30-0150mg-0030mg-63-comprimidos/p
7896523208763;3.09;DROGAL;Fluconazol 150mg Cimed 1 Cápsula Dura;https://www.drogal.com.br/fluconazol-150mg-cimed-1-capsulas-duras/p
65828;17.08;DROGAL;Hidratante Corporal Carol Girl 130g;https://www.drogal.com.br/hidratante-corporal-carol-girl-130g/p
76536;17.0;DROGAL;Refil Sabonete Líquido Perolado para as Mãos Bamboo 250ml;https://www.drogal.com.br/refil-sabonete-liquido-perolado-para-as-maos-bamboo-250ml/p
7891150050242;27.9;DROGAL;Sorvete Kibon Cremosíssimo Flocos 1,5L;https://www.drogal.com.br/sorvete-kibon-cremosissimo-flocos-15l/p
7899706185769;53.49;DROGAL;"Protetor Hidratante Facial Garnier Uniform &amp; Matte FPS50 Média 40g";https://www.drogal.com.br/protetor-hidratante-facial-garnier-uniform-matte-fps50-media-40g/p
7896714201498;9.39;DROGAL;Maleato de Dexclorfeniramina 2mg Neo Química 20 Comprimidos;https://www.drogal.com.br/maleato-de-dexclorfeniramina-2mg-neo-quimica-20-comprimidos/p
7898158690395;20.19;DROGAL;Pediderm 0,2mg/ml Loção 100ml;https://www.drogal.com.br/pediderm-02mgml-locao-100ml/p
7896255700283;53.69;DROGAL;Synthroid 112mcg 30 Comprimidos;https://www.drogal.com.br/synthroid-112mcg-30-comprimidos/p
7894916512015;119.69;DROGAL;Cymbi 30mg 60 Cápsulas Duras de Liberação Retardada;https://www.drogal.com.br/cymbi-30mg-60-caps-c1/p
7891317018122;91.09;DROGAL;Suplemento Alimentar AltaD 500 UI/Gota Solução Gotas 10ml;https://www.drogal.com.br/suplemento-alimentar-altad-500-uigota-solucao-gotas-10ml/p
7908079514073;55.99;DROGAL;Protetor Solar Facial Sveda Stick Multifuncional FPS75 Escuro 14g;https://www.drogal.com.br/protetor-solar-facial-sveda-stick-multifuncional-fps75-escuro-14g/p
7898074617612;62.59;DROGAL;Fluimucil 600mg Sabor Limão 16 Comprimidos Efervescentes;https://www.drogal.com.br/fluimucil-600mg-sabor-limao-16-comprimidos-efervescentes/p
7898040329129;28.79;DROGAL;Creme Facial Antirrugas Imecap Face Dia FPS30 35g;https://www.drogal.com.br/creme-facial-antirrugas-imecap-face-dia-fps30-35g/p
7896015590932;29.89;DROGAL;Suplemento de Vitaminas A e D Emulsão Scott Sabor Laranja 200ml;https://www.drogal.com.br/suplemento-de-vitaminas-a-e-d-emulsao-scott-sabor-laranja-200ml/p
7896007553303;8.39;DROGAL;Absorvente Poise Discreto para Escape de Urina Leve a Moderado 8 Unidades;https://www.drogal.com.br/absorvente-poise-discreto-para-escape-de-urina-leve-a-moderado-8-unidades/p
7892840267940;7.29;DROGAL;Snack EQlibri Panetini Sabor Queijo Suave 40g;https://www.drogal.com.br/snack-eqlibri-panetini-sabor-queijo-suave-40g/p
4005900669278;19.79;DROGAL;"Loção Hidratante Nivea Óleos Essenciais Flor de Laranjeira &amp; Óleo de Abacate 200ml";https://www.drogal.com.br/locao-hidratante-nivea-oleos-essenciais-flor-de-laranjeira--oleo-de-abacate-200ml/p
7898567750055;14.29;DROGAL;Folha Depilatória Facial Depi Roll Spa Care 16 Folhas;https://www.drogal.com.br/folhas-prontas-depilatoria-facial-depi-roll-spa-care-16-lencos/p
7896006225010;35.59;DROGAL;Cylocort 3 + 1mg pomada oftálmica bisnaga com 35g;https://www.drogal.com.br/cylocort-pda-oft-35g/p
7908236800322;84.89;DROGAL;Norvasc 5mg 30 Comprimidos;https://www.drogal.com.br/norvasc5mgcaixacom30comprimidos/p
7893454714868;75.99;DROGAL;Tylex 500mg+30mg 24 Comprimidos;https://www.drogal.com.br/tylex-500mg30mg-24-comprimidos/p
9786526104385;19.99;DROGAL;Livro Hot Wheels Mega Kit Para Ler, Colorir e Brincar 1 Unidade;https://www.drogal.com.br/livro-hot-wheels-mega-kit-para-ler-colorir-e-brincar-1-unidade/p
7896112408567;80.49;DROGAL;Novo B 150mg 30 Comprimidos Revestidos;https://www.drogal.com.br/novob-150mg-30-comprimidos-revestidos/p
7622300989316;8.45;DROGAL;Chocolate Lacta Bis Oreo 100,8g;https://www.drogal.com.br/chocolate-lacta-bis-oreo-1008g/p
75076696;31.29;DROGAL;Desodorante Dove Men+Care Stick Comfort Protection 72h Tecnologia Hidratante 45g;https://www.drogal.com.br/desodorante-dove-mencare-stick-comfort-protection-72h-tecnologia-hidratante-45g/p
7791293032481;12.99;DROGAL;Desodorante Antitranspirante Aerosol Rexona Invisible 72h 150ml;https://www.drogal.com.br/desodorante-antitranspirante-aerosol-rexona-invisible-72h-150ml/p
7896094202047;78.99;DROGAL;Cebralat 100mg caixa com 60 comprimidos;https://www.drogal.com.br/cebralat-100mg-60-cpr/p
7500435127257;8.25;DROGAL;Absorvente Always Suave Com Abas Tamanho P 16 Unidades;https://www.drogal.com.br/absorvente-always-suave-com-abas-tamanho-p-16-unidades/p
7896658019005;105.95;DROGAL;Esalerg 5mg 30 Comprimidos Revestidos;https://www.drogal.com.br/esalerg-5mg-30-comprimidos-revestidos/p
3282770143935;85.19;DROGAL;Shampoo Anticaspa Darrow Doctar Plus 120ml;https://www.drogal.com.br/shampoo-anticaspa-darrow-doctar-plus-120ml/p
7891317004606;43.89;DROGAL;Hemitartarato De Zolpidem 5mg Eurofarma 30 Comprimidos;https://www.drogal.com.br/hemitartarato-de-zolpidem-5mg-eurofarma-30-comprimidos/p
7908079514493;17.99;DROGAL;Enxaguante Bucal Oral Nexter Menta Extra Forte 1L;https://www.drogal.com.br/enxaguante-bucal-oral-nexter-menta-extra-forte-1l/p
7898495605908;23.39;DROGAL;Loção Spray Queimalive Sun 50ml;https://www.drogal.com.br/locao-spray-queimalive-sun-50ml/p
7896342452187;70.49;DROGAL;Órtese de Punho Mercur com Tala Bilateral Tamanho M 1 Unidade;https://www.drogal.com.br/ortese-de-punho-mercur-com-tala-bilateral-tamanho-m-1-unidade/p
9786555527308;9.99;DROGAL;Livro Pais e Filhos: sem diálogo, as famílias morrem - Augusto Cury;https://www.drogal.com.br/livro-pais-e-filhos-sem-dialogo-as-familias-morrem---augusto-cury/p
7896637032575;88.99;DROGAL;Suplemento Alimentar Mag-B 30 Comprimidos Revestidos;https://www.drogal.com.br/suplemento-alimentar-mag-b-30-comprimidos-revestidos/p
7899547510928;131.69;DROGAL;Cabergolina 0,5mg 8 comprmidos (G) - Prati Donaduzzi;https://www.drogal.com.br/cabergolina05mg8comprmidosgpratidonaduzzi/p
7898593053014;125.79;DROGAL;DermUp Supreme Verisol Sabor Limão Siciliano 30 Sachês 5g Cada;https://www.drogal.com.br/dermup-supreme-verisol-sabor-limao-siciliano-30-saches-5g-cada/p
7891024032732;20.5;DROGAL;Creme Dental Colgate Máxima Proteção Anticáries mais Neutraçúcar 3 Unidades 70g Cada;https://www.drogal.com.br/creme-dental-colgate-maxima-protecao-anticaries-neutracucar-menta-3-unidades-70g/p
7908079503879;28.99;DROGAL;Mel Assiflora 340g;https://www.drogal.com.br/mel-assiflora-340g/p
7908079512444;39.99;DROGAL;Sérum Facial Zeta Skin Vitta C 30ml;https://www.drogal.com.br/serum-facial-zeta-skin-vitta-c-30ml/p
7500435196987;28.79;DROGAL;"Shampoo Pantene Pro-V Miracles Colágeno Hidrata &amp; Resgata 300ml";https://www.drogal.com.br/shampoo-pantene-colageno-300ml/p
7891350037807;8.99;DROGAL;Desodorante Antitranspirante Aerossol Masculino Bozzano Power Protection 150ml;https://www.drogal.com.br/desodorante-antitranspirante-aerossol-masculino-bozzano-power-protection-150ml/p
7896714290874;59.69;DROGAL;Cloridrato de Tramadol 37,5mg + Paracetamol 325mg Neo Química 30 Comprimidos Revestidos;https://www.drogal.com.br/cloridrato-de-tramadol-paracetamol-375mg-325mg-neo-quimica-30-comprimidos-revestidos/p
80052487;12.05;DROGAL;Bombom Raffaello 30g;https://www.drogal.com.br/bombom-raffaello-30g/p
7896004788968;11.79;DROGAL;Colírio Legrand Solução Oftálmica 20ml;https://www.drogal.com.br/colirio-legrand-solucao-oftalmica-20ml/p
7891010974312;16.59;DROGAL;Antisséptico Bucal Listerine Cool Mint Refrescância Suave 500ml;https://www.drogal.com.br/antisseptico-bucal-listerine-cool-mint-refrescancia-suave-500ml/p
7894164003679;31.09;DROGAL;Seneben 350mg 20 Cápsulas;https://www.drogal.com.br/seneben-350mg-20-capsulas/p
7891150059788;27.19;DROGAL;"Máscara de Tratamento Love Beauty And Planet Manteiga de Murumuru &amp; Rosa 190g";https://www.drogal.com.br/mascara-de-tratamento-love-beauty-and-planet-manteiga-de-murumuru-rosa-190g/p
7896026172370;52.09;DROGAL;Suplemento Alimentar Beserol Cart 40mg 30 Cápsulas Gelatinosas Moles;https://www.drogal.com.br/suplemento-alimentar-beserol-cart-40mg-30-capsulas-gel-moles/p
4005900669261;19.99;DROGAL;Loção Deo-Hidratante Nivea Óleos Essenciais Flor de Cerejeira 400ml;https://www.drogal.com.br/locao-hidratante-nivea-oleos-essenciais-flor-de-cerejeira--oleo-de-jojoba-400ml/p
7896004710433;19.69;DROGAL;Rifamicina Sódica 10mg/ml Germed Spray Tópico 20ml;https://www.drogal.com.br/rifamicina-sodica-10mgml-germed-spray-topico-20ml/p
7896004777184;62.59;DROGAL;Cloridrato de Tramadol 100mg EMS 10 Comprimidos Revestidos de Liberação Prolongada;https://www.drogal.com.br/cloridrato-de-tramadol-100mg-ems-10-comprimidos-revestidos-de-liberacao-prolongada/p
7897076922380;7.09;DROGAL;Glicazida 30mg Ranbaxy 30 Comprimidos;https://www.drogal.com.br/glicazida-30mg-ranbaxy-30-comprimidos/p
7894650005712;23.89;DROGAL;Loção Repelente Off Kids 200ml;https://www.drogal.com.br/locao-repelente-off-kids-200ml/p
7896978201340;3.29;DROGAL;Sabonete Antibacteriano Biofleur Biobac Limpeza Profunda 180g;https://www.drogal.com.br/sabonete-antibacteriano-biofleur-biobac-limpeza-profunda-180g/p
7899824400386;104.69;DROGAL;Suplemento Alimentar Flenus 22,25mg 30 Comprimidos Revestidos;https://www.drogal.com.br/flenus-30-cpr-rev/p
8429420243385;189.25;DROGAL;Sérum Facial Anti-Idade Isdinceutics Salicylic Renewal 30ml;https://www.drogal.com.br/serum-facial-anti-idade-isdinceutics-salicylic-renewal-30ml/p
7899838831992;47.29;DROGAL;Fita Kinésio Multilaser Muscle Fix 5X500cm Rolo Bege HC041;https://www.drogal.com.br/fita-kinesio-multilaser-muscle-fix-5x500cm-rolo-bege-hc041/p
9001616802935;84.76;DROGAVEN;Chupeta MAM Air 18+ meses, sortida com 2 unidades;https://www.drogaven.com.br/chupeta-mam-air-18+-meses-sortida-com-2-unidades-20544/p
7896658036347;50.89;DROGAL;Levofloxacino 750mg Aché 5 Comprimidos;https://www.drogal.com.br/levofloxacino-750mg-ache-5-comprimidos/p
7896770982256;111.99;DROGAL;Roupa Íntima Tena Pants Noturna G/EG 24 Unidades;https://www.drogal.com.br/roupa-intima-tena-pants-noturna-geg-24-unidades/p
7891150097957;19.99;DROGAL;Shampoo Baby Dove Hidratação Glicerinada com Camomila Para Cabelos Claros 400ml;https://www.drogal.com.br/shampoo-baby-dove-hidratacao-glicerinada-com-camomila-para-cabelos-claros-400ml/p
7896044953562;12.89;DROGAL;Desodorante Antitranspirante Aerossol Giovanna Baby Candy 150ml;https://www.drogal.com.br/desodorante-antitranspirante-aerossol-giovanna-baby-candy-150ml/p
7891058021948;17.89;DROGAL;Urbanil 10mg caixa com 20 comprimidos;https://www.drogal.com.br/urbanil-10mg-20-cpr-b1/p
7891008123975;11.05;DROGAL;Chocolate ao Leite Garoto 80g;https://www.drogal.com.br/chocolate-ao-leite-garoto-80g/p
7891150055193;13.69;DROGAL;Condicionador Dove Brilho + Óleo Micelar 200ml;https://www.drogal.com.br/condicionador-dove-brilho--oleo-micelar-200ml/p
7896004753317;80.19;DROGAL;Meciclin 150mg 16 Cápsulas;https://www.drogal.com.br/meciclin-150mg-16-capsulas/p
7891142207593;46.84;DROGAL;Olzicar Anlo 20mg + 5mg 30 Comprimidos Revestidos;https://www.drogal.com.br/olzicar-anlo-20mg-5mg-30-comprimidos-revestidos/p
7896094926066;49.79;DROGAL;Suplemento Alimentar Vitasay A-Z Homem 90 Comprimidos Revestidos;https://www.drogal.com.br/suplemento-alimentar-vitasay-a-z-homem-90-comprimidos-revestidos/p
7897595637505;48.89;DROGAL;Levofloxacino 750mg Sandoz 5 Comprimidos Revestidos;https://www.drogal.com.br/levofloxacino-750mg-sandoz-5-comprimidos-revestidos/p
7908079510068;12.99;DROGAL;Loção Hidratante Suave Sveda Care 400ml;https://www.drogal.com.br/sveda-care-locao-hidratante-suave-400ml/p
7891037744509;6.89;DROGAL;Creme Dental em Gel Close Up Liquifresh Ice 100g;https://www.drogal.com.br/creme-dental-em-gel-close-up-liquifresh-ice-100g/p
7896009498459;48.49;DROGAL;Advil 400mg 20 Cápsulas Líquidas;https://www.drogal.com.br/advil-400mg-20-capsulas-liquidas/p
7899852021102;6.29;DROGAL;Esmalte Vult 5Free Soleil Pôr do Sol Efeito Gel 8ml;https://www.drogal.com.br/esmalte-vult-5free-soleil-por-do-sol-efeito-gel-8ml/p
7896112407881;147.79;DROGAL;Suplemento Alimentar DTN-fol 400mcg + 10mg 90 Cápsulas Gelatinosa Moles;https://www.drogal.com.br/dtn-fol-400mcg-10mg-90-capsulas-gelatinosa-moles/p
7896306622854;6.05;DROGAL;"Bala Recheada Peccin It&apos;s Coffee 100g";https://www.drogal.com.br/bala-recheada-peccin-its-coffee-100g/p
7898966230813;35.75;DROGAL;Brinquedo Para Montar Balde Blocos Escolares 30 Peças;https://www.drogal.com.br/brinquedo-para-montar-balde-blocos-escolares-30-pecas/p
7896671693909;25.45;DROGAL;Condicionador Antirresíduo Flores e Vegetais Vinagre de Maçã 310ml;https://www.drogal.com.br/condicionador-antirresiduo-flores-e-vegetais-vinagre-de-maca-310ml/p
9786526111567;19.99;DROGAL;Livro Sinoc Mega Kit Para Ler, Colorir e Brincar 1 Unidade;https://www.drogal.com.br/livro-sinoc-mega-kit-para-ler-colorir-e-brincar-1-unidade/p
7500435248068;27.99;DROGAL;Shampoo Pantene Biotinamina B3 Antiqueda e Nutrição 510ml;https://www.drogal.com.br/shampoo-pantene-biotinamina-b3-antiqueda-e-nutricao-510ml/p
7898430191893;48.89;DROGAL;Diost 2mg 30 Comprimidos;https://www.drogal.com.br/diost-2mg-30-comprimidos/p
7896006216827;186.89;DROGAL;Luvis S 60 Cápsulas Gelatinosas;https://www.drogal.com.br/luviss60capsulasgelatinosas/p
7897411602205;122.09;DROGAL;Lixiana 60mg 30 Comprimidos Revestidos;https://www.drogal.com.br/lixiana-60mg-30-comprimidos-revestidos/p
7894650937730;29.29;DROGAL;Desinfetante Aerossol Lysoform Lavanda 360ml;https://www.drogal.com.br/desinfetante-aerossol-lysoform-lavanda-360ml/p
7899706178273;122.35;DROGAL;Protetor Solar Anti-idade La Roche-Posay Anthelios AE-Pigmentation Morena FPS50 40g;https://www.drogal.com.br/protetor-solar-anti-idade-la-roche-posay-anthelios-ae-pigmentation-morena-fps50-40g/p
7899706159333;64.39;DROGAL;Loção de Limpeza  Cerave Hidratante  Pele Normal a Seca 200ml;https://www.drogal.com.br/locao-de-limpeza-cerave-hidratante-pele-normal-a-seca-200ml/p
7899420506932;70.39;DROGAL;Cod Par 500/30mg 36 Comprimidos;https://www.drogal.com.br/cod-par-50030mg-36-comprimidos/p
4005808555321;51.45;DROGAL;"Protetor Solar Nivea Sun Protect &amp; Hidrata FPS30 125ml";https://www.drogal.com.br/protetor-solar-nivea-sun-protect-hidrata-fps30-125ml/p
7896070605497;97.49;DROGAL;Rovamicina 1,5 MUI 16 Comprimidos Revestidos;https://www.drogal.com.br/rovamicina-15-mui-16-comprimidos-revestidos/p
7898747480338;39.9;DROGAL;Roll-On Kids Mix de Óleo Thérapi Tábata Equilíbrio Noturno 10ml;https://www.drogal.com.br/roll-on-kids-mix-de-oleo-therapi-tabata-equilibrio-noturno-10ml/p
7898747480314;39.9;DROGAL;Roll-On Kids Mix de Óleo Thérapi Zé Lelé Tranquilidade e Relaxamento 10ml;https://www.drogal.com.br/roll-on-kids-mix-de-oleo-therapi-ze-lele-tranquilidade-e-relaxamento-10ml/p
7509546674841;32.45;DROGAL;Escova de Dente Colgate Recyclean 2 Unidades;https://www.drogal.com.br/escova-de-dente-colgate-recyclean-2-unidades/p
7896094917798;198.19;DROGAL;Suplemento Alimentar Ofolato Fer 90 Comprimidos;https://www.drogal.com.br/suplemento-alimentar-ofolato-fer-90-comprimidos/p
7896331703443;17.29;DROGAL;Resfenol 20 Cápsulas;https://www.drogal.com.br/resfenol-20-capsulas/p
7896015521646;4.94;DROGAL;Sal de Fruta Eno Sabor Abacaxi 2 Sachês 5g Cada;https://www.drogal.com.br/sal-de-fruta-eno-sabor-abacaxi-2-saches-5g-cada/p
7891350039405;13.39;DROGAL;Esmalte Cremoso Risquè Bio Branco Lírio Branco 9ml;https://www.drogal.com.br/esmalte-cremoso-risque-bio-branco-lirio-branco-9ml/p
7898087340385;62.69;DROGAL;Creme Hidratante Dersani 200ml;https://www.drogal.com.br/creme-hidratante-dersani-200ml/p
7896382706721;95.29;DROGAL;Cymbalta 30mg 30 cápsulas em gel dura microganuladas de liberação retardada;https://www.drogal.com.br/cymbalta-30mg-30-caps-c1/p
7896342452651;283.09;DROGAL;Andador Dobrável Mercur;https://www.drogal.com.br/andador-dobravel-mercur/p
7891317488727;75.19;DROGAL;Leg 0,5 mg/ml Xarope Sabor Tutti-frutti 100ml + Seringa Dosadora;https://www.drogal.com.br/leg-05-mg-ml-xarope-sabor-tutti-frutti-100ml--seringa-dosadora/p
7908079503923;14.99;DROGAL;Spray de Própolis Premium Assiflora Sabor Menta 30ml;https://www.drogal.com.br/spray-de-propolis-premium-assiflora-sabor-menta-30ml/p
7891317025571;36.49;DROGAL;Trok Creme Dermatológico 30g;https://www.drogal.com.br/trok-creme-dermatologico-30g/p
7896342414123;129.95;DROGAL;Órtese para Joelho Mercur Ajustavél Tamanho Único 1 Unidade;https://www.drogal.com.br/ortese-para-joelho-mercur-ajustavel-tamanho-unico-1-unidade/p
7891317016128;69.79;DROGAL;Zap 2,5mg 30 Comprimidos;https://www.drogal.com.br/zap-25mg-30-comprimidos/p
7898079009559;86.99;DROGAL;DIU Andalan Classic Cu380Ag 1 Dispositivo Intrauterino;https://www.drogal.com.br/diu-de-cobre-andalan-classic-cu-380-1-dispositivo-intrauterino/p
7896004754949;53.99;DROGAL;Cloridrato de Duloxetina 30mg EMS 30 Cápsulas Duras de Liberação Retardada;https://www.drogal.com.br/cloridrato-de-duloxetina-30mg-ems-30-capsula-duras-de-liberacao-retardada/p
7891182020091;45.65;DROGAL;Retoque Instantâneo Spray Koleston Castanho Claro 100ml;https://www.drogal.com.br/retoque-instantaneo-spray-koleston-castanho-claro-100ml/p
7908615088105;76.45;DROGAL;Refil Shampoo Anticaspa DS Vichy Dercos Cabelos Secos 200g;https://www.drogal.com.br/refil-shampoo-anticaspa-ds-vichy-dercos-cabelos-secos-200g/p
7896061951619;5.49;DROGAL;"Lenços De Papel Softy&apos;s  50 Unidades";https://www.drogal.com.br/lencosdepapelsofty-s50unidades/p
7898430194559;203.49;DROGAL;Suplemento Alimentar Para O Casal Tentantes 30 Comprimidos Revestidos + 30 Cápsulas Moles;https://www.drogal.com.br/suplemento-alimentar-para-o-casal-tentantes-30-comprimidos-revestidos-30-capsulas-moles/p
7509546662619;20.25;DROGAL;Enxaguante Bucal Colgate Natural Extracts Citrus 250ml;https://www.drogal.com.br/enxaguante-bucal-colgate-natural-extracts-citrus-250ml/p
7791293032498;12.99;DROGAL;Desodorante Antitranspirante Aerosol Rexona Bamboo 72h 150ml;https://www.drogal.com.br/desodorante-antitranspirante-aerosol-rexona-bamboo-72h-150ml/p
7891317477271;58.41;DROGAL;Montelucaste de Sódio 5mg Eurofarma 30 Comprimidos Mastigável;https://www.drogal.com.br/montelucaste-de-sodio-5mg-eurofarma-30-comprimidos-mastigavel/p
7896222720221;22.29;DROGAL;Preservativo Camisinha Jontex Confort Plus 6 Unidades;https://www.drogal.com.br/preservativo-jontex-confort-plus-6-unidade/p
7908079505484;15.99;DROGAL;Enxaguante Bucal Perionex Oral Nexter Sem Álcool 250ml;https://www.drogal.com.br/enxaguantebucalperionexsemalcooloralnexter250ml/p
7896004774237;6.79;DROGAL;Suplemento Alimentar Cenevit Zinco + Imunidade Sabor Laranja 10 Comprimidos Efervescentes;https://www.drogal.com.br/suplemento-alimentar-cenevit-zinco--imunidade-sabor-laranja-10-comprimidos-efervescentes/p
7891058021702;88.99;DROGAL;Suplemento Alimentar Targifor Imunidade A-Z 60 Cápsulas;https://www.drogal.com.br/suplemento-alimentar-targifor-imunidade-a-z-60-capsulas/p
7896112408888;207.19;DROGAL;Maleato de Fluvoxamina 100mg Biolab 30 Comprimidos Revestidos;https://www.drogal.com.br/maleato-de-fluvoxamina-100mg-biolab-30-comprimidos-revestidos/p
7894900030013;4.65;DROGAL;Refrigerante Fanta Laranja Lata 350ml;https://www.drogal.com.br/refrigerante-fanta-laranja-lata-350-ml/p
7908733201769;14.9;DROGAL;Suplemento Alimentar Resfben Xarope Adulto Sabor Menta 120ml + Copo Dosador;https://www.drogal.com.br/suplemento-alimentar-resfben-xarope-adulto-sabor-menta-120ml-copo-dosador/p
3337871324001;190.39;DROGAL;Desodorante Roll-on 72h Vichy Stress Resist 50ml;https://www.drogal.com.br/desodorante-roll-on-72h-vichy-stress-resist-50ml/p
8903855083049;123.59;DROGAL;Seizla 100mg 30 Comprimidos Revestidos;https://www.drogal.com.br/seizla-100mg-30-comprimidos-revestidos/p
7896770982393;35.38;DROGAL;Kit Absorvente para Incontinência Urinária Tena Lady Discreet Normal 16 Unidades + Necessaire Exclusiva;https://www.drogal.com.br/kit-absorvente-para-incontinencia-urinaria-tena-lady-discreet-normal-16-unidades-necessaire-exclusiva/p
7896004703565;12.09;DROGAL;Dexametasona 1mg/ml EMS 120ml;https://www.drogal.com.br/dexametasona-1mg-ml-ems-120ml/p
7896658018800;66.29;DROGAL;Bravan HCT 80mg + 12,5mg 30 Comprimidos Revestidos;https://www.drogal.com.br/bravan-hct-80mg--125mg-30-comprimidos-revestidos/p
7891025112655;59.99;DROGAL;Fórmula Infantil Aptamil RR 400g;https://www.drogal.com.br/formula-infantil-aptamil-rr-400g/p
7891058005672;45.71;DROGAL;Prednisona 20mg Medley 30 Comprimidos;https://www.drogal.com.br/prednisona-20mg-30-cpr-g-mdl/p
7896261000117;34.08;DROGAL;Tegretol CR 200mg caixa com 20 comprimidos desintegração lenta;https://www.drogal.com.br/tegretol-cr-200mg-20-cpr-c1/p
7896015593216;20.9;DROGAL;Sal de Fruta Eno Sabor Tônica 100g;https://www.drogal.com.br/sal-de-fruta-eno-sabor-tonica-100g/p
7896658034787;98.69;DROGAL;Rubia 75mcg 84 Comprimidos Revestidos;https://www.drogal.com.br/rubia-75mcg-84-comprimidos-revestidos/p
7896094920644;90.99;DROGAL;Suplemento Alimentar Gestamax Plus 30 Cápsulas Gelatinosas Moles;https://www.drogal.com.br/suplemento-alimentar-gestamax-plus-30-capsulas-gelatinosas-moles/p
3282770153460;29.45;DROGAL;Gel de Limpeza Actine Peles Oleosas e Acneicas 60g;https://www.drogal.com.br/gel-de-limpeza-actine-peles-oleosas-e-acneicas-60g/p
7891058001643;23.59;DROGAL;Suplemento Alimentar Targifor Cewin Infantil Solução Gotas Sabor Laranja 20ml;https://www.drogal.com.br/suplemento-alimentar-targifor-cewin-infantil-solucao-gotas-sabor-laranja-20ml/p
4005900945693;38.21;DROGAVEN;Hidratante Facial Diário Nivea Acne Control 50mL;https://www.drogaven.com.br/creme-facial-nivea-acne-control-50g/p
7899706237932;36.99;DROGAL;"Tintura Imédia Excellence L&apos;oréal Paris Sem Amônia 7U Louro Universal";https://www.drogal.com.br/tintura-imedia-excellence-loreal-paris-sem-amonia-7u-louro-universal/p
7894916502856;50.89;DROGAL;Deflaimmun 6mg 20 Comprimidos;https://www.drogal.com.br/deflaimmun-6mg-20-comprimidos/p
7896112409267;35.09;DROGAL;Doss 10.000UI 8 Cápsulas Gelatinosas Moles;https://www.drogal.com.br/doss-10000ui-8-capsulas-gelatinosas-moles/p
7891033517503;56.25;DROGAL;Leave In Capilar Eudora Siàge Cauterização dos Lisos 100ml;https://www.drogal.com.br/leave-in-capilar-eudora-siage-cauterizacao-dos-lisos-100ml/p
7891317013608;53.29;DROGAL;Carbolitium 300mg 60 Comprimidos Revestidos;https://www.drogal.com.br/carbolitium-300mg-60-comprimidos-revestidos/p
7891317031169;65.59;DROGAL;Afetus 25mg 30 Comprimidos Revestidos;https://www.drogal.com.br/afetus-25mg-30-comprimidos-revestidos/p
7896004713366;30.89;DROGAL;Acetilcisteína 40mg/ml Ems Sabor Framboesa 120ml + Copo Dosador;https://www.drogal.com.br/acetilcisteina-40mg-ml-ems-sabor-framboesa-120ml--copo-dosador/p
7896004708454;14.83;DROGAL;Piroxicam 20mg Germed 10 Cápsulas;https://www.drogal.com.br/piroxicam-20mg-germed-10-capsulas-dura/p
7500435145152;9.55;DROGAL;Creme Dental Oral-B Kids Spiderman 50g;https://www.drogal.com.br/creme-dental-oral-b-kids-spiderman-50g/p
7791293051659;29.95;DROGAL;"Desodorante Corporal Aerossol para Peitos, Coxas, Pés e Mais Dove All Body Deo Lavanda &amp; Camomila 150ml";https://www.drogal.com.br/desodorante-corporal-aerossol-para-peitos-coxas-pes-e-mais-dove-all-body-deo-lavanda-camomila-150ml/p
7898040329167;250.39;DROGAL;Suplemento Alimentar Cartigen II 40mg 90 Comprimidos;https://www.drogal.com.br/suplemento-alimentar-cartigen-ii-40mg-90-comprimidos/p
7896658017704;139.19;DROGAL;Axonium 10mg 30 Comprimidos;https://www.drogal.com.br/axonium-10mg-30-comprimidos/p
0300652439259;73.81;DROGAL;Systane UL Lubrificante Oftálmico Estéril 10ml;https://www.drogal.com.br/systane-ul-lubrificante-oftalmico-esteril-10ml/p
7899852018140;23.85;DROGAL;Batom Matte Vult Lips Avelã 3,8g;https://www.drogal.com.br/batom-matte-vult-lips-avela-38g/p
75076719;31.29;DROGAL;Desodorante Dove Men+Care Stick Invisible Dry 72h Tecnologia Hidratante 45g;https://www.drogal.com.br/desodorante-dove-mencare-stick-invisible-dry-72h-tecnologia-hidratante-45g/p
7896004726694;86.09;DROGAL;Suavicid Creme Dermatológico 15g;https://www.drogal.com.br/suavicid-creme-dermatologico-15g/p
7896004821436;83.93;DROGAL;Sitglu 100mg 30 Comprimidos Revestidos;https://www.drogal.com.br/sitglu-100mg-30-comprimidos-revestidos/p
7891350034066;4.89;DROGAVEN;Esmalte Cremoso Risqué ver de verdade;https://www.drogaven.com.br/esmalte-cremoso-risque-ver-de-verdade/p
7908079515186;6.99;DROGAL;Esponja para Banho Flock Baby Estrela 1 Unidade;https://www.drogal.com.br/esponja-para-banho-flock-baby-estrela-1-unidade/p
7898549757119;99.43;DROGAVEN;Monessa 30 cápsulas gelatinosas duras;https://www.drogaven.com.br/monessa-30-capsulas-gelatinosas-duras/p
7896094928763;35.59;DROGAL;Calminex Diclo Pomada Dermatológica 60g;https://www.drogal.com.br/calminex-diclo-pomada-dermatologica-60g/p
7898593050792;45.79;DROGAL;Deslac Lactose Gotas 15ml;https://www.drogal.com.br/deslac-lactose-gotas-15ml/p
7891150049895;3.35;DROGAL;Creme Dental Closeup Tripla Proteção Menta 70g;https://www.drogal.com.br/creme-dental-closeup-tripla-protecao-menta-70g/p
7891350037043;14.35;DROGAL;Esmalte Risqué Diamond Gel Tiramisu Cremoso 9,5ml;https://www.drogal.com.br/esmalte-risque-diamond-gel-tiramisu-cremoso-95ml/p
7896331701661;28.39;DROGAL;Resfenol Solução Oral Sabor Laranja 100ml + Copo Dosador;https://www.drogal.com.br/resfenol-solucao-oral-sabor-laranja-100ml-copo-dosador/p
7896422527453;19.39;DROGAL;Risperidona 2mg Medley 30 Comprimidos Revestidos;https://www.drogal.com.br/risperidona-2mg-medley-30-comprimidos-revestidos/p
7896004712147;9.79;DROGAL;Dexametasona 4mg EMS 10 Comprimidos;https://www.drogal.com.br/dexametasona-4mg-com-10-comprimidos-ems/p
7896641813627;382.09;DROGAL;Venvanse 30mg 28 Cápsulas Gelatinosas Duras;https://www.drogal.com.br/venvanse-30mg-28-capsulas-gelatinosas-duras/p
7896004789446;72.66;DROGAL;Vynaxa 2,5mg 30 Comprimidos Revestidos;https://www.drogal.com.br/vynaxa-25mg-30-comprimidos-revestidos/p
7896015511166;4.94;DROGAL;Sal de Fruta Eno Sabor Laranja 2 Sachês Com 5g Cada;https://www.drogal.com.br/sal-de-fruta-eno-2-envelopes-sabor-laranja-5g/p
7891024115800;13.85;DROGAL;Sabonete Líquido Antibacteriano para Corpo Protex Balance 250ml;https://www.drogal.com.br/sabonete-liquido-antibacteriano-para-corpo-protex-balance-250ml/p
7891150101586;14.89;DROGAL;Condicionador Seda Amino-Silk Complex Toque de Seda 250ml;https://www.drogal.com.br/condicionador-seda-amino-silk-complex-toque-de-seda-250ml/p
7791293051550;26.95;DROGAL;Desodorante Corporal Aerossol para Peitos, Coxas, Pés e Mais Rexona All Body Deo Fresh Citrus 150ml;https://www.drogal.com.br/desodorante-corporal-aerossol-para-peitos-coxas-pes-e-mais-rexona-all-body-deo-fresh-citrus-150ml/p
7891317124236;74.29;DROGAL;Holmes H 40mg + 25mg 30 Comprimidos;https://www.drogal.com.br/holmes-h-40mg-25mg-30-comprimidos/p
7898405066126;23.25;DROGAL;Bala Tchuco Tchuco Fampar 1 Unidade com 12g;https://www.drogal.com.br/bala-tchuco-tchuco-fampar-1-unidade-com-12g/p
7899706133432;23.59;DROGAL;Condicionador Elseve Hydra Detox 400ml;https://www.drogal.com.br/condicionador-elseve-hydra-detox-400ml/p
7898146823804;16.09;DROGAL;Paracetamol + Fosfato de Codeína 500mg + 30mg Biolab 12 Comprimidos;https://www.drogal.com.br/paracetamol-fosfato-de-codeina-500mg-30mg-12-comprimidos-biolab/p
7891151042147;6.84;DROGAL;Drops Freegells Pro Sabor Mel, Limão e Mentol 15 Unidades;https://www.drogal.com.br/drops-freegells-pro-sabor-mel-limao-e-mentol-15-unidades/p
7896004793917;57.43;DROGAL;Enavo Gotas 8mg/ml Solução Gotas 10ml;https://www.drogal.com.br/enavo-gotas-8mg-ml-solucao-gotas-10ml/p
7896009498497;87.29;DROGAL;Suplemento Alimentar Stresstabs Energia 30 Comprimidos;https://www.drogal.com.br/suplemento-alimentar-stresstabs-energia-30-comprimidos/p
7896012880210;52.99;DROGAL;Fralda Descartável Adulto Bigfral Derma Plus G Embalagem Econômica 16 Unidades;https://www.drogal.com.br/fralda-descartavel-adulto-bigfral-derma-plus-g-embalagem-economica-16-unidades/p
7891010255923;48.9;DROGAL;Tylenol Criança 32mg/ml Suspensão Oral Sabor Frutas 60ml + Copo Dosador;https://www.drogal.com.br/analgesico-tylenol-crianca-liquido-60ml/p
7891024132647;18.55;DROGAL;Creme Dental Colgate Sensitive Pro Alívio Original 110g;https://www.drogal.com.br/creme-dental-para-sensibilidade-colgate-sensitive-pro-alivio-original-110g/p
5702150155511;554.59;DROGAL;Vurtuoso 20mg 60 Comprimidos Revestidos;https://www.drogal.com.br/vurtuoso-20mg-60-comprimidos-revestidos/p
7896020160052;13.15;DROGAL;Desodorante para os Pés Tenys Pé Baruel Original em Pó 100g;https://www.drogal.com.br/tenys-pe-baruel-po-100g-orig/p
4005808631322;13.71;DROGAVEN;Desodorante Nivea Dermo Clareador 3 em aerossol 150mL;https://www.drogaven.com.br/desodorante-nivea-dermo-clareador-3-em-aerossol-150ml/p
7898430193439;143.71;DROGAL;DPrev Gotas 5.000 UI/gota Solução Gotas Sabor Tutti-Frutti 4ml + Conta Gotas;https://www.drogal.com.br/dprev-gotas-5000-uigota-solucao-gotas-sabor-tutti-frutti-4ml-conta-gotas/p
7899706149211;68.65;DROGAL;Sabonete em Barra Facial Limpeza Profunda La Roche-Posay Effaclar Concentrado 70g;https://www.drogal.com.br/sabonete-em-barra-facial-limpeza-profunda-la-roche-posay-effaclar-concentrado-70g/p
7500435132435;146.89;DROGAL;Fralda Pampers Premium Care Jumbo M 80 Unidades;https://www.drogal.com.br/fralda-pampers-premium-care-jumbo-m-80-unidades/p
7891010704490;26.99;DROGAL;Esfoliante Facial Neutrogena Deep Clean Intensive 100g;https://www.drogal.com.br/esfoliante-facial-neutrogena-deep-clean-intensive-100g/p
7500435135771;19.25;DROGAL;Protetor Diário Always Sensitive 40 Unidades;https://www.drogal.com.br/protetor-diario-always-sensitive-40-unidades/p
7908615062471;19.99;DROGAL;"Coloração Alta Duração Cor&amp;ton 0% Amônia Louro Escuro 6.0";https://www.drogal.com.br/coloracao-alta-duracao-corton-0-amonia-louro-escuro-60/p
7908079512314;55.99;DROGAL;Sérum Facial Zeta Skin Nanovetor de Vitamina C 20% 30ml;https://www.drogal.com.br/serum-facial-zeta-skin-nanovetor-de-vitamina-c-20-30ml/p
7908079512161;59.99;DROGAL;Fralda Calça Descartável Flock Baby Comfort Hiper XXG 48 Unidades;https://www.drogal.com.br/fralda-calca-descartavel-flock-baby-comfort-hiper-xxg-48-unidades/p
7896658029707;82.24;DROGAL;Sany D 50.000ui 4 Comprimidos Revestidos;https://www.drogal.com.br/sany-d-50000ui-4-comprimidos-revestidos/p
7896714269870;29.9;DROGAL;Suplemento Alimentar Neo Química A-Z 60 Comprimidos;https://www.drogal.com.br/suplemento-alimentar-neo-quimica-a-z-60-comprimidos/p
7896512910844;6.59;DROGAL;Sabonete em Barra de Glicerina Granado Castanha do Brasil 90g;https://www.drogal.com.br/sabonete-glicerina-granado-terrapeutics-castanha-do-brasil-90g/p
7896637032513;272.4;DROGAL;Suplemento Alimentar Extima Lata Sabor Banana 600g;https://www.drogal.com.br/suplemento-alimentar-extima-lata-sabor-banana-600g/p
7908458320608;28.99;DROGAL;Creme para Pentear Salon Line Definição Natural 1Kg;https://www.drogal.com.br/creme-para-pentear-salon-line-definicao-natural-1kg/p
7896004715278;21.19;DROGAL;Azitromicina 1g Germed 1 Comprimido Revestido;https://www.drogal.com.br/azitromicina-1g-germed-1-comprimido-revestido/p
7896007552818;95.25;DROGAL;Fralda Huggies Supreme Care Máxima Proteção XG Embalagem Econômica 58 Unidades;https://www.drogal.com.br/fraldas-huggies-supreme-care-xg-embalagem-economica-58-unidades/p
7509546666990;24.55;DROGAL;Enxaguante Bucal Colgate Total Gengiva Reforçada 500ml;https://www.drogal.com.br/enxaguante-bucal-colgate-total-12-gengiva-reforcada-500ml/p
7896658002687;16.89;DROGAL;Parasin 400mg Sabor Banana 1 Comprimido Mastigável;https://www.drogal.com.br/parasin-400mg-sabor-banana-1-comprimido-mastigavel/p
7891150037489;11.29;DROGAL;Condicionador Seda Joias Da Natureza Hidratação Anti-Nós 325ml;https://www.drogal.com.br/condicionador-seda-joias-da-natureza-hidratacao-anti-nos-325ml/p
7891010793463;8.69;DROGAL;Absorvente Sempre Livre Adapt Suave Com Abas 16 Unidades;https://www.drogal.com.br/absorvente-externo-sempre-livre-especial-adapt-suave-com-abas-16-unidades/p
7896658001079;18.09;DROGAL;Cefaliv 12 Comprimidos;https://www.drogal.com.br/cefaliv-12-comprimidos/p
7500435132794;64.49;DROGAL;Fraldas Pampers Supersec M Embalagem Econômica 52 Unidades;https://www.drogal.com.br/fraldas-pampers-supersec-m-embalagem-economica-52-unidades/p
7896181929178;91.19;DROGAL;Traum Retard 100mg 10 Comprimidos;https://www.drogal.com.br/traum-retard-100mg-10-comprimidos/p
7891150096318;12.89;DROGAL;Shampoo Seda Boom Nutrição Intensa 250ml;https://www.drogal.com.br/shampoo-seda-boom-nutricao-intensa-250ml/p
7896094207745;79.29;DROGAL;Stanglit 15mg 30 Comprimidos;https://www.drogal.com.br/stanglit-15mg-30-comprimidos/p
7896094922525;7.49;DROGAL;Analgésico e Relaxante Muscular Neosaldina Muscular 10 Comprimidos Revestidos;https://www.drogal.com.br/neosaldina-muscular-10-comprimidos-revestidos/p
7891010246952;29.19;DROGAL;Tylenol Sinus 36 Comprimidos Revestidos;https://www.drogal.com.br/tylenol-sinus-36-comprimidos-revestidos/p
7898591455025;4.99;DROGAL;Balas Fini Regaliz Ácido Tubes Sabor Uva 80g;https://www.drogal.com.br/balas-fini-regaliz-acido-tubes-sabor-uva-80g/p
7898946434125;75.79;DROGAL;Suplemento Alimentar Equaliv Ômega 3 1.000mg 120 Cápsulas Gel;https://www.drogal.com.br/equaliv-omega-3-1000mg-120-capsulas-gel/p
7896094210837;132.89;DROGAL;Lakos 100mg 30 Comprimidos Revestidos;https://www.drogal.com.br/lakos-100mg-30-comprimidos-revestidos/p
7891150096240;28.09;DROGAL;Óleo em Gel Seda Boom Volumão Power 190ml;https://www.drogal.com.br/oleo-em-gel-seda-boom-volumao-power-190ml/p
7896342451548;49.05;DROGAL;Munhequeira Elástica Ajústável Mercur Cor Bege 1 Par;https://www.drogal.com.br/munhequeira-elastica-ajustavel-mercur-cor-bege-1-par/p
7896049526150;11.89;DROGAL;Desodorante Antitraspirantre em Creme Herbíssimo Twist Neutro 45g;https://www.drogal.com.br/desodorante-antitraspirantre-em-creme-herbissimo-twist-neutro-45g/p
7908079510099;5.99;DROGAL;Refil Sabonete Líquido Sveda Erva Doce 200ml;https://www.drogal.com.br/refil-sabonete-liquido-sveda-erva-doce-200ml/p
7896255700276;46.31;DROGAVEN;Synthroid 88mcg, 30 comprimidos;https://www.drogaven.com.br/synthroid-88mcg-30-comprimidos/p
7896006297352;25.29;DROGAL;Triquilar 63 Comprimidos Revestidos;https://www.drogal.com.br/triquilar-63-comprimidos-revestidos/p
7896026307031;269.9;DROGAL;Trayenta Duo 2,5mg + 850mg 60 Comprimidos Revestidos;https://www.drogal.com.br/trayenta-duo-25mg-850mg-60-comprimidos-revestidos/p
7896658034947;509.63;DROGAL;Vivencia Patch 27mg 30 Adesivos Transdérmicos;https://www.drogal.com.br/vivencia-patch-27mg-30-adesivos-transdermicos/p
7892828001405;47.89;DROGAL;Sepurin 20 Drágeas;https://www.drogal.com.br/sepurin-20-drageas/p
7896382707681;239.1;DROGAL;Basaglar 100 UI/ml Solução Estéril para Injeção Subcutânea 5 Refis 3ml Cada;https://www.drogal.com.br/basaglar-100-ui-ml-solucao-esteril-para-injecao-subcutanea-5-refis-3ml-cada/p
7891350038613;14.99;DROGAL;Desodorante Antitranspirante Aerossol Masculino Clinical Bozzano Clean 150ml;https://www.drogal.com.br/desodorante-aerossol-clinical-bozzano-clean-masculino-150ml/p
7896658034695;66.39;DROGAL;Livepax 750mg 5 Comprimidos Revestidos;https://www.drogal.com.br/livepax-750mg-5-comprimidos-revestidos/p
7891010251031;35.99;DROGAL;Água Micelar Bifásica Neutrogena Hydro Boost 200ml;https://www.drogal.com.br/agua-micelar-bifasica-neutrogena-hydro-boost-200ml/p
7896436906367;199.99;DROGAL;Monitor de Pressão Arterial Omron Automático de Braço HEM-7122;https://www.drogal.com.br/monitor-de-pressao-arterial-omron-automatico-de-braco-hem-7122/p
7897595901323;19.99;DROGAL;Puran T4 75mcg 30 Comprimidos;https://www.drogal.com.br/puran-t4-75mcg-30-comprimidos/p
7891317154721;29.59;DROGAL;Acetato de Clormadinona 2mg + Etinilestradiol 0,03mg Eurofarma 21 Comprimidos Revestidos;https://www.drogal.com.br/acetato-de-clormadinona-2mg--etinilestradiol-003mg-eurofarma-21-comprimidos-revestidos/p
5702191027068;76.69;DROGAL;Fucidin 20mg/g Pomada Dermatológica 15g;https://www.drogal.com.br/fucidin-20mg-g-pomada-dermatologica-15g/p
7896000620668;24.59;DROGAL;Chupeta Ortodôntica Kuka Color Decorada Nº2 Cor Azul 1 Unidade;https://www.drogal.com.br/chupeta-ortodontica-kuka-color-decorada-no2-cor-azul-1-unidade/p
7908020500384;1.59;DROGAL;Antiácido Efervescente Gastroliv Sabor Abacaxi 5g;https://www.drogal.com.br/antiacido-efervescente-gastroliv-sabor-abacaxi-5g/p
7896094207493;51.19;DROGAL;Égide 25mg caixa com 60 comprimidos revestidos;https://www.drogal.com.br/egide-25mg-60-cpr-rev-c1/p
7896637022729;118.69;DROGAL;Azulfin 500mg 60 Comprimidos Revestidos;https://www.drogal.com.br/azulfin-500mg-60-comprimidos-revestidos/p
076840003709;51.9;DROGAL;"Sorvete Ben&amp;Jerry&apos;s Half Baked 458ml";https://www.drogal.com.br/sorvete-benjerrys-half-baked-458ml/p
7897337716567;82.79;DROGAL;Nuvaring 1 Anel Vaginal + Aplicador Descartável;https://www.drogal.com.br/nuvaring-1-anel--vaginal--aplicador-descartavel-/p
7894650009567;22.29;DROGAL;Repelente Off Family Spray 170ml;https://www.drogal.com.br/repelente-off-family-spray-170ml/p
7896212420209;141.99;DROGAL;Risperdal 1mg 20 Comprimidos Revestidos;https://www.drogal.com.br/risperdal-1mg-20-comprimidos-revestidos/p
3282770139167;44.19;DROGAL;Sabonete Hidratante em Barra Darrow Nutriol 70g;https://www.drogal.com.br/sabonete-hidratante-em-barra-darrow-nutriol-70g/p
7896083412198;120.49;DROGAL;Petamig 50mg 30 Cápsulas Moles;https://www.drogal.com.br/petamig-50mg-30-capsulas-moles/p
7896083412631;58.99;DROGAL;Suplemento Alimentar Infantil Simpli-D 400 U.I Sabor Morango Solução Spray 10ml;https://www.drogal.com.br/suplemento-alimentar-infantil-simpli-d-400-ui-sabor-morango-solucao-spray-10ml/p
7897595634238;224.79;DROGAL;Zinnat 500mg 10 Comprimidos Revestidos;https://www.drogal.com.br/zinnat-500mg-10-comprimidos-revestidos/p
7893454714813;188.99;DROGAL;Suplemento Alimentar Culturelle Probiótico Saúde Digestiva 30 Cápsulas;https://www.drogal.com.br/suplemento-alimentar-culturelle-probiotico-saude-digestiva-30-capsulas-com-400mg/p
7896548111987;22.19;DROGAL;Maxitrol 1 + 5mg + 6mui suspensão oftálmica frasco gotejador com 5ml;https://www.drogal.com.br/maxitrol-col-5ml/p
7898942324406;174.55;DROGAL;Suplemento Alimentar Fascia Sabor Laranja 30 Sachês 11g;https://www.drogal.com.br/suplemento-alimentar-fascia-sabor-laranja-30-saches-11g/p
7898040329464;58.89;DROGAL;Suplemento Alimentar Calcitran MDK 1.000 UI 30 Comprimidos Revestidos;https://www.drogal.com.br/suplemento-alimentar-calcitran-mdk-1000-ui-30-comprimidos-revestidos/p
7896061997402;38.59;DROGAL;Fralda Shortinho Babysec Ultrasec Mega Galinha Pintadinha XXXG 16 Unidades;https://www.drogal.com.br/fralda-shortinho-babysec-ultrasec-mega-galinha-pintadinha-xxxg-16-unidades/p
4005900909794;4.65;DROGAL;"Sabonete em Barra Nivea Natural &amp; Essencial Hibisco 90g";https://www.drogal.com.br/sabonete-em-barra-nivea-natural--essencial-hibisco-90g/p
7896094211704;1400.97;DROGAL;Emgality 120mg/ml Solução Injetável com 1 Auto-injetor Preenchido 1 ml;https://www.drogal.com.br/emgality-120mg-ml-solucao-injetavel-com-1-auto-injetor-preenchido-1-ml/p
7898215151708;6.29;DROGAL;Leite integral Piracanjuba 1 Litro;https://www.drogal.com.br/leite-integral-piracanjuba-1-litro/p
7506306233362;9.99;DROGAL;Desodorante Antitranspirante Aerosol Axe Urban Invisible 152ml;https://www.drogal.com.br/desodorante-antitranspirante-axe-urban-invisible-antimarks-152ml/p
7891350026627;24.49;DROGAL;Loção Facial Pós-Barba Bozzano Night Blue 100ml;https://www.drogal.com.br/locao-facial-pos-barba-bozzano-night-blue-100ml/p
7896676433180;10.89;DROGAL;Ciclolato 10mg/ml Solução Oftálmica Estéril 5ml;https://www.drogal.com.br/ciclolato-10mg-ml-solucao-oftalmica-esteril-5ml/p
7896658022944;221.9;DROGAL;Donila Duo 10/20mg 30 Comprimidos Revestidos;https://www.drogal.com.br/donila-duo-10-20mg-30-comprimidos-revestidos/p
7908414407381;30.35;DROGAL;Termômetro Digital Multilaser Minnie com Ponta Flexível HC079;https://www.drogal.com.br/termometro-digital-multilaser-minnie-com-ponta-flexivel-hc079/p
7908079513427;34.99;DROGAL;Fralda Flock Baby Dry Comfort Tamanho XG 34 Unidades;https://www.drogal.com.br/fralda-flock-baby-dry-comfort-tamanho-xg-34-unidades/p
7899095233805;26.99;DROGAL;Acetilcisteína 20mg/ml Geolab Xarope Infantil 120ml;https://www.drogal.com.br/acetilcisteina-20mgml-geolab-xarope-infantil-120ml/p
7898574611387;19.09;DROGAL;Desogestrel + Etinilestradiol 0,15mg + 0,02mg 21 Comprimidos Revestidos - Melcon;https://www.drogal.com.br/desogestrel-etinilestradiol-015mg-002mg-21-comprimidos-revestidos-melcon/p
7908079507297;14.15;DROGAL;Fita Cirúrgica Microporosa Triane Branca 2,5cm X 4,5m;https://www.drogal.com.br/fita-cirurgica-microporosa-triane-branca-25cm-x-45m/p
7896714293257;19.29;DROGAL;Neo Fedipina 10mg 30 Comprimidos;https://www.drogal.com.br/neo-fedipina-10mg-30-cpr/p
7896012881439;104.99;DROGAL;Roupa Íntima Descartável Bigfral Moviment Unissex G/XG 32 Unidades;https://www.drogal.com.br/fralda-descartavel-bigfral-moviment-unissex-g-xg-32-unidades/p
7891150094406;40.85;DROGAL;Óleo Finalizador Tresemmé Brilho Lamelar 60ml;https://www.drogal.com.br/oleo-finalizador-tresemme-brilho-lamelar-60ml/p
7896004711508;12.09;DROGAL;Nitrazepam - Germed Pharma 5mg caixa com 20 comprimidos;https://www.drogal.com.br/nitrazepam-5mg20cpggmd-b1/p
7898040321253;62.89;DROGAL;Dolamin Flex 125mg + 5,0mg caixa com 15 comprimidos;https://www.drogal.com.br/dolamin-flex-15-cpr/p
7896637032216;49.09;DROGAL;Suplemento Alimentar Probid 15 Cápsulas;https://www.drogal.com.br/suplemento-alimentar-probid-15-capsulas/p
9786526103814;9.99;DROGAL;Livro Com Aquarela Unicórnios Mágicos 1 Unidade;https://www.drogal.com.br/livro-com-aquarela-unicornios-magicos-1-unidade/p
7896641813399;64.59;DROGAL;FiberNorm 10 sachês de 5g cada;https://www.drogal.com.br/fibernorm-10-sachets/p
63503;17.76;DROGAL;Reparador de Pontas Capilar 30ml;https://www.drogal.com.br/reparador-de-pontas-capilar-30ml/p
7899706172127;96.29;DROGAL;Leave-in Renovador de Pontas Vichy Dercos Kera-Solutions 50ml;https://www.drogal.com.br/leave-in-renovador-de-pontas-vichy-dercos-kera-solutions-50ml/p
8720689007160;68.99;DROGAL;Bico de Mamadeira Philips Avent Pétala 6M+ 2 Unidades;https://www.drogal.com.br/bico-de-mamadeira-philips-avent-petala-6m-2-unidades/p
7896001250628;12.73;DROGAVEN;Adoçante Linea Sucralose líquido 75mL;https://www.drogaven.com.br/adocante-linea-sucralose-liquido-75ml/p
7898495608329;45.39;DROGAL;Venocel Gel 300g;https://www.drogal.com.br/venocel-gel-300g/p
7500435185011;94.99;DROGAL;Suplemento Alimentar Femibion 1 Planejamento e Início da Gravidez  28 Comprimidos;https://www.drogal.com.br/suplemento-alimentar-femibion-1-planejamento-e-inicio-da-gravidez-28-comprimidos/p
8429420277984;123.99;DROGAL;Sérum Noturno Facial Isdin Acniben Nigth Concentrate Anti-imperfeições 27ml;https://www.drogal.com.br/serum-noturno-facial-isdin-acniben-nigth-concentrate-anti-imperfeicoes-27ml/p
7891010568764;19.95;DROGAL;"Lenços Umedecidos Johnson&apos;s Baby Hora do Sono 48 Unidades";https://www.drogal.com.br/lencos-umedecidos-johnsons-baby-hora-do-sono-48-unidades/p
7891142982384;19.9;DROGAL;Alivium 400mg 8 Cápsulas Líquidas;https://www.drogal.com.br/alivium-400mg-8-capsulas-liquidas/p
7896641808432;336.19;DROGAL;Tecta 40mg caixa com 30 comprimidos revestidos;https://www.drogal.com.br/tecta-40mg-30cpr/p
7893454101644;12.79;DROGAL;Alendronato de Sódio 70mg Cellera 4 Comprimidos;https://www.drogal.com.br/alendronato-de-sodio-70mg-cellera-4-comprimidos/p
7897316802861;53.09;DROGAL;Pred Mild 0,12% Suspensão Oftálmica Estéril 10ml;https://www.drogal.com.br/pred-mild-012-suspensao-oftalmica-esteril-10ml/p
7894916516648;26.59;DROGAL;Rohydorm 1mg 30 Comprimidos;https://www.drogal.com.br/rohydorm-1mg-30-comprimidos/p
7896770982683;44.15;DROGAL;Absorvente Protetor Masculino Tena Men Level 3 Noturno 8 Unidades;https://www.drogal.com.br/absorvente-protetor-masculino-tena-men-level-3-noturno-8-unidades/p
7891010253288;42.65;DROGAL;Gel Hidratante Pós Sol Sundown 95% Aloe Vera 140g;https://www.drogal.com.br/gel-hidratante-pos-sol-sundown-95-aloe-vera-140g/p
7500435230964;154.19;DROGAL;Citoneurin 5000mg 60 Comprimidos Revestidos;https://www.drogal.com.br/citoneurin-5000mg-60-comprimidos-revestidos/p
75321;17.0;DROGAL;Refil Sabonete Líquido Perolado para as Mãos Pitanga Negra 250ml;https://www.drogal.com.br/refil-sabonete-liquido-perolado--para-as-maos-pitanga-negra-250ml/p
7897595903372;30.69;DROGAL;Puran T4 112mcg 30 Comprimidos;https://www.drogal.com.br/puran-t4-112mcg-30-comprimidos/p
7898962943045;10.49;DROGAL;Naldecon Multi 4 Comprimidos;https://www.drogal.com.br/naldecon-multi-4-comprimidos/p
7896714292151;77.99;DROGAL;Laxante Fitoterápico Naturetti Geleia 130g;https://www.drogal.com.br/naturetti-geleia-130g/p
7891182016292;17.99;DROGAL;Tinta de Cabelo Koleston Louro Cinza Escuro 61;https://www.drogal.com.br/tinta-de-cabelo-koleston-louro-cinza-escuro-61/p
7896512956347;94.85;DROGAL;Protetor Solar Granado Bebê FPS70 120ml;https://www.drogal.com.br/protetor-solar-granado-bebe-fps70-120ml/p
0650240012730;13.09;DROGAL;Sabonete em Barra Asepxia Forte Ação Adstringente 80g;https://www.drogal.com.br/sabonete-em-barra-asepxia-forte-acao-adstringente-80g/p
7896181915041;11.99;DROGAL;Carvedilol 12,5mg Biosintética 30 Comprimidos;https://www.drogal.com.br/carvedilol-125mg-biosintetica-30-comprimidos/p
7894164007356;20.69;DROGAL;Fluive C Imuno Sabor Laranja 10 Comprimidos Efervescentes;https://www.drogal.com.br/fluive-c-imuno-sabor-laranja-10-comprimidos-efervescentes/p
7908079515377;31.99;DROGAL;Refil Sabonete Líquido Facial Zeta Skin Vitta C 250ml;https://www.drogal.com.br/refil-sabonete-liquido-facial-zeta-skin-vitta-c-250ml/p
3282770135442;95.79;DROGAL;Gel Antiacne Actine Trat Darrow Cuidado Diário 30g;https://www.drogal.com.br/gel-antiacne-actine-trat-darrow-cuidado-diario-30g/p
7891721201837;56.49;DROGAL;Zimiex 10 mg  30 comprimidos;https://www.drogal.com.br/zimiex-10mg-30-cpr/p
7896714231204;22.44;DROGAL;Alendronato de Sódio 70mg Neo Química 4 Comprimidos;https://www.drogal.com.br/alendronato-de-sodio-70mg-neo-quimica-4-comprimidos/p
7500435239196;74.09;DROGAL;Fraldas Pampers Confort Sec XXXG 24 Unidades;https://www.drogal.com.br/fraldas-pampers-confort-sec-xxxg-24-unidades/p
7891045031493;157.92;DROGAL;Elifore 100mg - 28 comprimidos revestidos de liberação controlada;https://www.drogal.com.br/elifore-100mg-28-cpr-c1/p
7908414420830;202.65;DROGAL;Aspirador Nasal Elétrico Multikids Baby;https://www.drogal.com.br/aspirador-nasal-eletrico-multikids-baby/p
7891058024314;41.89;DROGAL;Antialérgico Allegra 60mg 10 Comprimidos Revestidos;https://www.drogal.com.br/antialergico-allegra-60mg-10-comprimidos-revestidos/p
7898636192144;35.99;DROGAL;Shampoo Tio Nacho Reconstrutor Total 415ml;https://www.drogal.com.br/shampoo-tio-nacho-reconstrutor-total-aloe-vera-puro-415ml/p
7891150074484;22.05;DROGAL;Loção Hidratante Relaxante Baby Dove Hora de Dormir 200ml;https://www.drogal.com.br/locao-hidratante-relaxante-baby-dove-hora-de-dormir-200ml/p
7612412426007;36.29;DROGAL;Escova Dental Curaprox CuraKid 0 a 4 Anos 1 Unidade;https://www.drogal.com.br/escova-dental-curaprox-curakid-0-a-4-anos-1-unidade/p
7896026173001;149.79;DROGAL;Sérum Facial Fisiogel C22% Antioxidante e Pró-Colágeno 30ml;https://www.drogal.com.br/serum-facial-fisiogel-c22-antioxidante-e-pro-colageno-30ml/p
7908079506795;36.29;DROGAL;Creme para Área dos Olhos Zeta Skin Boost C 15g;https://www.drogal.com.br/creme-para-area-dos-olhos-zeta-skin-boost-c-15g/p
7898414851911;96.15;DROGAL;Suplemento Alimentar Imecap Face 60 Cápsulas;https://www.drogal.com.br/imecap-face-60-capsulas/p
7898687738223;89.94;DROGAL;Suplemento Alimentar Equaliv Cartliv Cúrcuma 30 Cápsulas;https://www.drogal.com.br/suplemento-alimentar-equaliv-cartliv-curcuma-30-capsulas/p
7896094922396;15.99;DROGAL;Analgésico Neosaldina 10 Drágeas;https://www.drogal.com.br/neosaldina-10-drageas/p
7899706129602;78.15;DROGAL;Gel de Limpeza Facial Vichy Normaderm 150g;https://www.drogal.com.br/gel-de-limpeza-facial-vichy-normaderm-150g/p
7791293051598;26.95;DROGAL;Desodorante Corporal Aerossol para Peitos, Coxas, Pés e Mais Rexona Men All Body Deo Bold Spirit 150ml;https://www.drogal.com.br/desodorante-corporal-aerossol-para-peitos-coxas-pes-e-mais-rexona-men-all-body-deo-bold-spirit-150ml/p
7898100243808;13.79;DROGAL;Glicel 1,667g 6 Supositórios de Uso Pediátrico;https://www.drogal.com.br/glicel-1667g-6-supositorios-de-uso-pediatrico/p
7896004702223;24.99;DROGAL;Amoxicilina 500mg Germed 21 Cápsulas;https://www.drogal.com.br/amoxicilina-500mg-germed-21-capsulas/p
7896658024191;122.09;DROGAL;Dual 60mg 30 Cápsulas Duras de Liberação Retardada;https://www.drogal.com.br/dual-60mg-30-capsulas-duras-de-liberacao-retardada/p
7896094917781;94.29;DROGAL;Suplemento Alimentar Ofolato Fer 30 Comprimidos;https://www.drogal.com.br/suplemento-alimentar-ofolato-fer-30-comprimidos/p
7898430192586;41.29;DROGAL;Refil Nasoar 0,9% Granulado Para Solução Nasal 15 Envelopes + Lavador Nasal 240ml;https://www.drogal.com.br/refil-nasoar-09-granulado-para-solucao-nasal-15-envelopes-lavador-nasal-240ml/p
7891150091467;12.89;DROGAL;Shampoo Seda Prebióticos + Biotina 325ml;https://www.drogal.com.br/shampoo-seda-prebioticos-biotina-325ml/p
9002490280901;11.99;DROGAL;Energético Red Bull The Pomelo Edition Sugarfree Sabor Pomelo 250ml;https://www.drogal.com.br/energetico-red-bull-the-pomelo-edition-sugarfree-sabor-pomelo-250ml/p
8429420222397;56.35;DROGAL;Sabonete Líquido de Limpeza Facial Isdin Oily Skin Acniben 208g;https://www.drogal.com.br/sabonete-liquido-de-limpeza-facial-isdin-oily-skin-acniben-208g/p
7896380606337;32.9;DROGARAIA;Tonalizante Keraton Neon Colors - Uranium Blue;https://www.drogaraia.com.br/tonalizante-keraton-neon-colors-uranium-blue.html
791570;973.26;DROGARAIA;SKINCEUTICALS H.A. INTENSIFIER 30ML;https://www.drogaraia.com.br/skinceuticals-h-a-intensifier-30ml-791570.html
7896094906594;75.98;DROGARAIA;Laxante Fitoterápico Tamarine 12mg 20 cápsulas;https://www.drogaraia.com.br/tamarine-12-mg-com-20-capsulas.html
7891548803450;359.6;DROGARAIA;KIT COM 5 EQUINáCEA 500MG 60 CáPSULAS;https://www.drogaraia.com.br/kit-com-5-equinacea-500mg-60-capsulas-818208.html
6015102532506;139.9;DROGARAIA;KIT EUDORA SIàGE NUTRI ROSE SHAMPOO CONDICIONADOR MáSCARA;https://www.drogaraia.com.br/kit-eudora-siage-nutri-rose-shampoo-condicionador-mascara-966017.html
7797942167443;105.53;DROGARAIA;KIT SOUL POWER COCO E CACAU CONDICIONADOR + CREME + MáSCARA;https://www.drogaraia.com.br/kit-soul-power-coco-e-cacau-condicionador-creme-mascara-1015039.html
3439600056655;1299.0;DROGARAIA;Angel Standing Star Mugler Eau de Parfum 100ml - Perfume Feminino;https://www.drogaraia.com.br/angel-standing-star-edp-100ml-817050.html
7898000174318;29.9;DROGARAIA;VITAMINA C EM GOTAS 30ML CELLIV;https://www.drogaraia.com.br/vitamina-c-em-gotas-30ml-celliv-865491.html
7898656390254;169.99;DROGARAIA;Fralda Calça MamyPoko Super Seca Jumbo M 34 Unidades;https://www.drogaraia.com.br/fralda-calca-mamypoko-jumbo-m-34-unid-971525.html
7898130551034;21.41;DROGARAIA;DELINEADOR LíQUIDO CUSHION MODELO 1085 VIVAI;https://www.drogaraia.com.br/delineador-liquido-cushion-modelo-1085-vivai-869333.html
884486456380;179.9;DROGARAIA;Redken Acidic Perfecting Concentrate - Leave - In 150ml;https://www.drogaraia.com.br/redken-acidic-bonding-concentrate-leave-in-150ml-679007.html
7898494593992;1290.9;DROGARAIA;Assento Massageador Neck & Back Shiatsu Seat Plus Relaxmedic;https://www.drogaraia.com.br/assento-massageador-neck-amp-back-shiatsu-seat-plus-unica-842502.html
7898352914921;57.3;DROGARAIA;LEAVE-IN TUTANO VEGANO AVOCADO 200ML - BOTHâNICO;https://www.drogaraia.com.br/leave-in-tutano-vegano-avocado-200ml-bothanico-916333.html
7909463501761;115.88;DROGARAIA;KIT 2X: GRANOLA DE AVEIA SEM GLúTEN ESTAR BEM 250G;https://www.drogaraia.com.br/kit-2x-granola-de-aveia-sem-gluten-estar-bem-250g-870491.html
7898629561230;83.0;DROGARAIA;L-CARNITINE 2000MG (400ML) - SABOR: LARANJA;https://www.drogaraia.com.br/l-carnitine-2000mg-400ml-sabor-laranja-1012936.html
7898661010680;18.99;DROGARAIA;SACHE ONE VEGAN PURAVIDA ACAI COM BANANA 45G;https://www.drogaraia.com.br/sache-one-vegan-puravida-acai-com-banana-45g-999293.html
7898600992541;64.0;DROGARAIA;Catharine Hill Chill Média Cobertura MC04 - Base Líquida 30ml Mc-4;https://www.drogaraia.com.br/catharine-hill-angels-wings-chill-2021-4-media-cobertura-base-liquida-30ml-735196.html
7899706159173;97.5;DROGARAIA;CERAVE - CREME HIDRATANTE - 200G;https://www.drogaraia.com.br/cerave-creme-hidratante-200g-771283.html
869957;49.9;DROGARAIA;Bigens Max Própolis 60 Cápsulas;https://www.drogaraia.com.br/biogens-max-propolis-60-caps-869957.html
993413;282.56;DROGARAIA;COMBO DESODORANTE COLôNIA 75ML + BATOM VOLUMãO GOIABALê 3,4G + BALM LABIAL HIDRATAçãO INTENSA 8G;https://www.drogaraia.com.br/combo-desodorante-colonia-75ml-batom-volumao-goiabale-3-4g-balm-labial-hidratacao-intensa-8g-993413.html
33453;259.9;DROGARAIA;Kit Creamy Skincare Vitamina C Mandélico Hidratante Reparador (3 Produtos);https://www.drogaraia.com.br/kit-creamy-skincare-vitamina-c-mandelico-hidratante-reparador-3-produtos-830825.html
7899572812271;68.99;DROGARAIA;MáSCARA LOLA DANOS VORAZES 450G;https://www.drogaraia.com.br/mascara-lola-danos-vorazes-450g-860009.html
7896658039430;48.67;DROGARAIA;Lur Desloratadina 0,5mg/ml Xarope 60ml;https://www.drogaraia.com.br/lur-0-5mg-ml-xarope-60ml-seringa.html
7896094210134;55.99;DROGARAIA;Polivitamínico Matrion para Gestantes 30 comprimidos;https://www.drogaraia.com.br/matrion-suplemento-alimentar-30-comprimidos.html
6015045329317;77.84;DROGARAIA;KIT 3 MACA POWER 1200MG VITAMINAS MINERAIS 60 CAPS MAXINUTRI;https://www.drogaraia.com.br/kit-3-maca-power-1200mg-vitaminas-minerais-60-caps-maxinutri-1009855.html
3349668588732;928.0;DROGARAIA;Invictus Victory Paco Rabanne Eau De Parfum - Perfume Masculino 200ml;https://www.drogaraia.com.br/paco-rabanne-invictus-victory-eau-de-parfum-perfume-masculino-200ml-964235.html
8809253005198;22.2;DROGARAIA;SERINGA UNIQMED INSULINA 0,5ML AGULHA 6X0,25MM 31G - 10 UNIDADES;https://www.drogaraia.com.br/seringa-uniqmed-insulina-0-5ml-agulha-6x0-25mm-31g-10-unidades-714278.html
7896000724731;15.99;DROGARAIA;Tinta de Cabelo Permanente Cor&Ton Niely - 6.646 Vermelho Cereja;https://www.drogaraia.com.br/cor-ton-tintura-permanente-6-646-vermelho-cereja-1-unidade.html
7898944073517;66.46;DROGARAIA;Máscara De Tratamento Haskell Quina Rosa 500G;https://www.drogaraia.com.br/mascara-de-tratamento-haskell-quina-rosa-500g-832027.html
7898380411164;8.9;DROGARAIA;BROWNIE CHOCOLATE COM COCO BELIVE 40G;https://www.drogaraia.com.br/brownie-chocolate-com-coco-belive-40g-737571.html
58728;475.99;DROGARAIA;KIT 4 NUTRI WHEY PROTEIN - REFIL BAUNILHA 907G - INTEGRALMéDICA;https://www.drogaraia.com.br/kit-4-nutri-whey-protein-refil-baunilha-907g-integralmedica-744494.html
732530;159.3;DROGARAIA;MELHOR LIQUID SUPER ÔMEGA 3 TG 150ML | 30 DOSES ESSENTIAL NUTRITION;https://www.drogaraia.com.br/melhor-liquid-super-omega-3-tg-150ml-30-doses-essential-nutrition-732530.html
866304;585.0;DROGARAIA;GLUCERNA EM Pó 850G SABOR BAUNILHA KIT 2 SUPLEMENTO ALIMENTAR;https://www.drogaraia.com.br/glucerna-em-po-850g-sabor-baunilha-kit-2-suplemento-alimentar-866304.html
880111;54.66;DROGARAIA;TONALIZANTE AMEND SUPéRIA COLOR SEM AMôNIA COR:834 LOURO CLARO DOURADO ACOBREADO;https://www.drogaraia.com.br/tonalizante-amend-superia-color-sem-amonia-cor-834-louro-claro-dourado-acobreado-880111.html
956019;361.5;DROGARAIA;BASE ADESIVA SENSURA MIO CONCAVE 40MM REC 10-35MM - COLOPLAST 18500 CX 5UN;https://www.drogaraia.com.br/base-adesiva-sensura-mio-concave-40mm-rec-10-35mm-coloplast-18500-cx-5un-956019.html
7891317001100;140.84;DROGARAIA;MAQ SUPLEMENTO DE VITAMINAS E MINERAIS 60 COMPRIMIDOS;https://www.drogaraia.com.br/maq-suplemento-de-vitaminas-e-minerais-60-comprimidos-1021458.html
7896512911001;44.95;DROGARAIA;Desodorante Aerosol para Pés Granado Sport 100ml;https://www.drogaraia.com.br/desodorante-aerosol-para-pes-sport-100-ml-granado-839065.html
7899111750231;55.8;DROGARAIA;KIT 2 SABONETES EM BARRA VEGANO LARANJA MADRESSENZA 180G;https://www.drogaraia.com.br/kit-2-sabonetes-em-barra-vegano-laranja-madressenza-180g-985005.html
7891066004209;13.97;DROGARAIA;Presilha Tic-Tac Triss Sortidas 10 Unidades;https://www.drogaraia.com.br/needs-conjunto-tictacs-com-parte-plastica-dois-de-cada-cor-10-unidades.html
7908026509572;22.99;DROGARAIA;HIDRATANTE CORPORAL ANTIESTRIAS OLEO ROSA MOSQUETA ROSATIV ABELHA RAINHA 180ML;https://www.drogaraia.com.br/hidratante-corporal-antiestrias-oleo-rosa-mosqueta-rosativ-abelha-rainha-180ml-930660.html
7891010099725;37.85;DROGARAIA;Neutrogena Deep Clean Sabonete Barra Facial 80G;https://www.drogaraia.com.br/neutrogena-deep-clean-sabonete-barra-facial-80g-791277.html
134019;270.4;DROGARAIA;KIT 2X BARRA WHEY GREGO BAR - 12 UNIDADES DE 40G TORTA DE LIMãO - NUTRATA;https://www.drogaraia.com.br/kit-2x-barra-whey-grego-bar-12-unidades-de-40g-torta-de-limao-nutrata-727200.html
893016;394.0;DROGARAIA;MEIA CALçA GESTANTE ATM VENOSAN ULTRALINE 4000 COMP 20-30 P;https://www.drogaraia.com.br/meia-calca-gestante-atm-venosan-ultraline-4000-comp-20-30-p-893016.html
7896902212596;36.52;DROGARAIA;Protetor solar sunless facial fps 50 base medio 60g;https://www.drogaraia.com.br/protetor-solar-sunless-facial-fps-50-base-medio-60g-667720.html
7897104907181;109.9;DROGARAIA;THERMO ABDOMEN (120 TABS) - PADRãO: ÚNICO;https://www.drogaraia.com.br/thermo-abdomen-120-tabs-padrao-unico-909534.html
849030;18.0;DROGARAIA;Barra de Proteína Essential Nutrition Radiance Joy Mystic Lemon 50g ;https://www.drogaraia.com.br/radiance-joy-50g-mystic-lemon-essential-nutrition-849030.html
7500435143189;29.9;DROGARAIA;Desodorante Antitranspirante Secret Powder Protect Cotton Barra 48h Feminino 45g;https://www.drogaraia.com.br/secret-desodorante-stick-cotton-45g.html
7898157614163;11.2;DROGARAIA;Desodorante Antitranspirante Roll-On Zog Extreme Adventure Masculino 55ml;https://www.drogaraia.com.br/desodorante-zog-roll-on-adventure-55ml-666968.html
7896768403015;122.5;DROGARAIA;Protetor solar com cor peles oleosas biosole bb fps 60 cor noce - 40ml;https://www.drogaraia.com.br/protetor-solar-com-cor-peles-oleosas-biosole-bb-fps-60-cor-noce-40ml-682137.html
7793481226009;276.0;DROGARAIA;Kit 04 unidades hairskin supreme d-pantenol 60caps maxinutri;https://www.drogaraia.com.br/kit-04-unidades-hairskin-supreme-d-pantenol-60caps-maxinutri-867474.html
382900147031;123.39;DROGARAIA;Agulha para Caneta Aplicadora de Insulina BD Ultra-Fine 5mm com 100 unidades;https://www.drogaraia.com.br/bd-agulha-para-caneta-de-insulina-ultra-fine-mini-5mm-com-100-unidades.html
959326;33.16;DROGARAIA;Lapis de sobrancelhas universal;https://www.drogaraia.com.br/lapis-de-sobrancelhas-payot-universal-959326.html
7896013539148;43.3;DROGARAIA;NOVEX REPOSITOR DE MASSA CREME DE TRATAMENTO 1KG;https://www.drogaraia.com.br/novex-repositor-de-massa-creme-de-tratamento-1kg-1010649.html
7898715330139;112.0;DROGARAIA;BOLSA PARA AGUA QUENTE 2 LITROS RED - KIT 4 UNIDADES - LISMED;https://www.drogaraia.com.br/bolsa-para-agua-quente-2-litros-red-kit-4-unidades-lismed-853717.html
7898270232848;87.19;DROGARAIA;MEIA ¾ PANTURRILHA ATTIVA ALTA COMPRESSAO 20-30 FEM FECHADA PRETA M;https://www.drogaraia.com.br/meia-panturrilha-attiva-alta-compressao-20-30-fem-fechada-preta-748036.html
3401399372575;124.3;DROGARAIA;BIODERMA ATODERM MãOS E UNHAS 50ML;https://www.drogaraia.com.br/bioderma-atoderm-maos-e-unhas-50ml-790765.html
996981;223.08;DROGARAIA;KIT 4X SINERGIA SINUS 5ML LASZLO;https://www.drogaraia.com.br/kit-4x-sinergia-sinus-5ml-laszlo-996981.html
748945122530;126.71;DROGARAIA;Super B Complex, Triptofano, Magnésio, Zinco Vitgold 60 caps;https://www.drogaraia.com.br/stress-formula-taurina-triptofano-magnesio-vitgold-60-caps-872523.html
766609;115.28;DROGARAIA;Kit Desodorante Lafe'S Crystal Rock Vegano 60g  2 unidades;https://www.drogaraia.com.br/kit-desodorante-crystal-rock-lafes-63g-vegano-c-2unids-766609.html
645760591483;43.88;DROGARAIA;PASTADEAMENDOIMCOMCARAMELODETâMARAORGâNICAONVEG210G;https://www.drogaraia.com.br/pasta-de-amendoim-com-caramelo-de-tamara-organica-onveg-210g-620534.html
773142;94.9;DROGARAIA;KIT PAYOT PROTEçãO NOTURNA (2 PRODUTOS);https://www.drogaraia.com.br/kit-payot-protecao-noturna-2-produtos-773142.html
7898040320997;188.0;DROGARAIA;Glimepil Glimepirida 6mg 30 comprimidos;https://www.drogaraia.com.br/glimepil-6mg-30-comprimidos.html
7898947942285;309.96;DROGARAIA;Truss professional basic shampoo - 2,4 l;https://www.drogaraia.com.br/truss-professional-basic-shampoo-2-4-l-761457.html
7891066008665;44.9;DROGARAIA;Hidratante Corporal Needs Nutri Reparador Pele Extra-Seca 400g;https://www.drogaraia.com.br/needs-creme-hidratante-nutri-reparadora-400g.html
7899572810192;60.96;DROGARAIA;ÓLEO PINGA AçAí E PRACAXI LOLA COSMETICS 50ML (LISTA NLDP);https://www.drogaraia.com.br/oleo-pinga-acai-e-pracaxi-lola-cosmetics-50ml-lista-nldp-859652.html
744875;253.34;DROGARAIA;Meia 3/4 Alta Compressão 20-30mmHg Aberta Natural Escuro M3 Select Confort Premium;https://www.drogaraia.com.br/meia-3-4-select-comfort-premium-862-ad-20-30-mmhg-sigvaris-aberta-744875.html
7897337716437;2912.2;DROGARAIA;Elonva 150mcg 1 Seringa Preenchida 0,5ml;https://www.drogaraia.com.br/elonva-150mcg-sol-inj-c-1-ser-0-5ml-692059.html
7908458315390;86.67;DROGARAIA;Kit Creme Para Pentear e Ativador de Cachos SOS Cachos Coco e Máscara SOS Hidratação Bio-Reconstrução Salon Line;https://www.drogaraia.com.br/kit-com-creme-para-pentear-e-ativador-de-cachos-sos-cachos-coco-e-mascara-sos-hidratacao-bio-reconstrucao-salon-line-862491.html
7898606742898;26.9;DROGARAIA;Máscara de Cabelo Proteína Cadiveu Essentials Quartzo Shine by Boca Rosa 200ml;https://www.drogaraia.com.br/cadiveu-essentials-boca-rosa-quartzo-shine-proteina-de-quartzo-200ml-676396.html
7896111995341;4.2;DROGARAIA;Esmalte Cremoso Impala A Cor da Moda 7,5ml - Floresça;https://www.drogaraia.com.br/impala-esmalte-cor-da-moda-floresca-7-5ml.html
7791293022567;17.99;DROGARAIA;Desodorante Antitranspirante Aerosol Rexona Men V8 48H 150Ml;https://www.drogaraia.com.br/desodorante-antitranspirante-aerosol-rexona-men-v8-150ml-631525.html
7898216360727;20.39;DROGARAIA;Secnidazol 1000mg 2 Comprimidos Pharlab Genérico;https://www.drogaraia.com.br/secnidazol-1000mg-pharlab-generico-2-comprimidos.html
7896006217626;29.69;DROGARAIA;Cef Cefalexina 500mg 10 cápsulas;https://www.drogaraia.com.br/cef-500mg.html
7899706181631;225.9;DROGARAIA;Redken All Soft Heavy Cream - Máscara Capilar 500ml;https://www.drogaraia.com.br/redken-all-soft-heavy-cream-mascara-500ml-673360.html
7898632472776;19.19;DROGARAIA;ESFOLIANTE CORPO E ROSTO LABOTRAT MARACUJá 150G;https://www.drogaraia.com.br/esfoliante-corpo-e-rosto-labotrat-maracuja-150g-943142.html
7898336438290;80.49;DROGARAIA;Tapete de Exercícios Laranja;https://www.drogaraia.com.br/tapete-de-exercicios-laranja.html
7898625791631;119.93;DROGARAIA;Shampoo Truss Uso Obrigatório Reparador Reconstrução 300ml;https://www.drogaraia.com.br/truss-uso-obrigatorio-shampoo-300ml-761527.html
7896004775043;60.99;DROGARAIA;Aciclovir 400mg com 30 comprimidos EMS Genérico;https://www.drogaraia.com.br/aciclovir-400mg-ems-genericos-com-30-comprimidos.html
7896342452866;45.58;DROGARAIA;JOELHEIRA ELáSTICA MERCUR TAMANHO M - UNIDADE;https://www.drogaraia.com.br/joelheira-elastica-mercur-tamanho-m-unidade-717815.html
7897517902469;33.67;DROGARAIA;ESCOVA DE CABELO RICCA STYLE BLACK VENTILADA;https://www.drogaraia.com.br/escova-de-cabelo-ricca-style-black-ventilada-834671.html
894310;341.9;DROGARAIA;Kit Creatina Black Skull Turbo 300g 6 unidades;https://www.drogaraia.com.br/kit-6-creatinas-turbo-300g-sem-sabor-black-skull-894310.html
7908885306770;36.9;DROGARAIA;SABONETE NIVEA 85G FLOR CEREJEIRA - KIT C/6UN;https://www.drogaraia.com.br/sabonete-nivea-85g-flor-cerejeira-kit-c-6un-1018712.html
3494802120030;465.49;DROGARAIA;Symbol For A Lady Marina De Bourbon Eau De Parfum 100ml - Perfume Feminino;https://www.drogaraia.com.br/marina-de-bourbon-symbol-for-a-lady-edp-100ml-694012.html
7908825787324;49.9;DROGARAIA;COLORAçAO MAXTON 8.26 VERMELHO MARSALA-KIT C/3UN;https://www.drogaraia.com.br/coloracao-maxton-8-26-vermelho-marsala-kit-c-3un-1005800.html
3607346571071;163.0;DROGARAIA;DAVID BECKHAM CLASSIC EAU DE TOILETTE - PERFUME MASCULINO 90ML;https://www.drogaraia.com.br/david-beckham-classic-eau-de-toilette-perfume-masculino-90ml-751169.html
7891033794997;67.9;DROGARAIA;Quem Disse, Berenice? Base Líquida Supermate 30Ml Cor 14N;https://www.drogaraia.com.br/quem-disse-berenice-base-liquida-supermate-30ml-cor-14n-811722.html
7898126400872;83.9;DROGARAIA;Shampoo Bio Extratus Tutano 1L;https://www.drogaraia.com.br/shampoo-bio-extratus-tutano-1l-776934.html
7797325880884;30.48;DROGARAIA;CREME PARA ACNE ESPINHAS BOLINHAS PELO ENCRAVADO NO BUMBUM;https://www.drogaraia.com.br/creme-para-acne-espinhas-bolinhas-pelo-encravado-no-bumbum-718947.html
990301;353.68;DROGARAIA;Silver Scent Midnight Jacques Bogart Eau de Toilette 100ml - Perfume Masculino;https://www.drogaraia.com.br/perfume-jacques-bogart-silver-scent-midnight-masc-100-ml-990301.html
3349668599127;759.9;DROGARAIA;PERFUME INVICTUS PLATINUM EDP PACO RABANNE MASCULINO 200ML;https://www.drogaraia.com.br/perfume-invictus-platinum-edp-paco-rabanne-masculino-200ml-1019666.html
7897517903411;6.02;DROGARAIA;Grampo de Cabelo Ricca Loiro Pequeno - 50 unidades;https://www.drogaraia.com.br/ricca-grampo-de-metal-para-cabelo-loiro-n-5-pequeno-50-unidades.html
935647;167.11;DROGARAIA;KIT ESPONJA DE MAQUIAGEM SPECIAL DIAMOND BLEND;https://www.drogaraia.com.br/kit-esponja-de-maquiagem-special-diamond-blend-935647.html
7896676434323;20.32;DROGARAIA;Phosfoenema Solução 130ml;https://www.drogaraia.com.br/phosfoenema-enema-solucao-130ml.html
7899706181754;79.79;DROGARAIA;PROTETOR SOLAR FACIAL L´ORéAL PARIS FPS60 UV DEFENDER MéDIA 40G;https://www.drogaraia.com.br/protetor-solar-facial-l-039oreal-paris-fps60-uv-defender-media-40g-947130.html
7908236800629;297.45;DROGARAIA;Efexor XR Cloridrato de Venlafaxina 75mg 30 cápsulas;https://www.drogaraia.com.br/efexor-xr-75-mg-30-capsulas-c-1.html
898673;196.0;DROGARAIA;TREE HUT STRAWBERRY SHEA SUGAR SCRUB - ESFOLIANTE 510G;https://www.drogaraia.com.br/tree-hut-strawberry-shea-sugar-scrub-esfoliante-510g-898673.html
980932;1866.48;DROGARAIA;PERFUME CHANEL ALLURE FEMININO 100 ML;https://www.drogaraia.com.br/perfume-chanel-allure-feminino-100-ml-980932.html
7898952577694;44.9;DROGARAIA;Shampoo Forever Liss Cresce Cabelo Anticaspa 500ml;https://www.drogaraia.com.br/forever-liss-cresce-cabelo-shampoo-500ml-886291.html
7898335077278;33.9;DROGARAIA;Trava para Armários Joy Ajustável com 1 Unidade;https://www.drogaraia.com.br/joy-protetor-plastico-para-armarios-ajustavel-1-unidade.html
7890001730128;35.17;DROGARAIA;B-TRIX VITAMINA B12 KIDS EM GOTAS 30ML FLORA NATIVA DO BRASIL;https://www.drogaraia.com.br/b-trix-vitamina-b12-kids-em-gotas-30ml-flora-nativa-do-brasil-782263.html
7891150024793;2.39;DROGARAIA;Sabonete em Barra Rexona Antibacterial Água de Rosas 84g;https://www.drogaraia.com.br/rexona-sabonete-em-barra-antibacteriano-agua-de-rosas-84g.html
7898641070222;147.99;DROGARAIA;KIT 3X MULTIVITAMINICO DUX 90 CAPS;https://www.drogaraia.com.br/kit-3x-multivitaminico-dux-90-caps-738591.html
7898965429263;69.99;DROGARAIA;Gel de Limpeza Creamy Skincare 180ml;https://www.drogaraia.com.br/creamy-skincare-gel-de-limpeza-180ml.html
7908238808968;679.0;DROGARAIA;BERçO HELLO INFANTI CINZA RISCA;https://www.drogaraia.com.br/berco-hello-infanti-cinza-risca-998337.html
7895446940408;722.43;DROGARAIA;Kit Flormel Pro Completo - Doces Zero com Proteínas ;https://www.drogaraia.com.br/kit-flormel-pro-completo-doces-zero-com-proteinas-u-unica-1000476.html
7898965429218;82.9;DROGARAIA;Skelt skin & body care shower cream sabonete corporal hidratante de banho 200g;https://www.drogaraia.com.br/skelt-skin-body-care-shower-cream-sabonete-corporal-hidratante-de-banho-200g-795413.html
6015045328389;177.0;DROGARAIA;KIT 3 FINISIM CROMO E FIBRAS COM 60 CáPSULAS MAXINUTRI;https://www.drogaraia.com.br/kit-3-finisim-cromo-e-fibras-com-60-capsulas-maxinutri-1009891.html
7897975698294;179.0;DROGARAIA;PROTETOR SOLAR FLUID MINERAL FPS 50;https://www.drogaraia.com.br/protetor-solar-fluid-mineral-fps-50-956017.html
7897104922986;54.9;DROGARAIA;Pré-Treino Body Action Nuclear Rush Limão 100g;https://www.drogaraia.com.br/nuclear-rush-pre-treino-100g-sabor-limao-882897.html
7896512911858;9.57;DROGARAIA;Sabonete Infantil Granado Bebe Lavanda 90G;https://www.drogaraia.com.br/sabonete-infantil-granado-bebe-lavanda-90g-632250.html
7896311773466;14.59;DROGARAIA;Barra Proteica Nutrify Collagen Bar Banofee 50g;https://www.drogaraia.com.br/nutrify-collagen-bar-banoffee-50g.html
2369300000003;142.0;DROGARAIA;JOELHEIRA RECOVERY RV04 HIDROLIGHT M;https://www.drogaraia.com.br/joelheira-recovery-rv04-hidrolight-m-932895.html
819125;113.9;DROGARAIA;L TRIPTOFANO SLEEP MAX 450MG 4 X 60 CAPSULAS - FLORA NATIVA;https://www.drogaraia.com.br/l-triptofano-sleep-max-450mg-4-x-60-capsulas-flora-nativa-819125.html
7898635431961;424.91;DROGARAIA;REFIL WHEYDOP ISO CHOCOLATE BELGA 900G;https://www.drogaraia.com.br/refil-wheydop-iso-chocolate-belga-900g-948455.html
3494800260042;300.0;DROGARAIA;Princess Style Princess Marina de Borboun Eau de Parfum 30ml - Perfume Feminino;https://www.drogaraia.com.br/marina-de-bourbon-princess-style-edp-30ml-704038.html
7805090576144;75.8;DROGARAIA;Quem Disse, Berenice? Kit Lápis Contorno Labial: Marronis 1,1G + Nudetis 1,1G;https://www.drogaraia.com.br/quem-disse-berenice-kit-lapis-contorno-labial-marronis-1-1g-nudetis-1-1g-772461.html
6018610375535;32.9;DROGARAIA;NéCTAR CONCENTRADO HASKELL MURUMURú- 35ML;https://www.drogaraia.com.br/nectar-concentrado-haskell-murumuru-35ml-965496.html
3614229823783;245.95;DROGARAIA;Hugo Hugo Boss Eau de Toilette 40ml - Perfume Masculino;https://www.drogaraia.com.br/perfume-hugo-man-edt-40-ml-039-865537.html
7898907000109;202.94;DROGARAIA;NATUPELE MELANESSE REGENERATE 30G;https://www.drogaraia.com.br/natupele-melanesse-regenerate-30g-686351.html
7899902059871;75.8;DROGARAIA;KIT 2X CúRCUMA + COLáGENO TIPO II EM GOTAS 30ML - FLORA NATIVA SABOR:LARANJA;https://www.drogaraia.com.br/kit-2x-curcuma-colageno-tipo-ii-em-gotas-30ml-flora-nativa-sabor-laranja-767638.html
731509993110;17.9;DROGARAIA;PINCEL ACRíLICO PROFISSIONAL KISS NEW YORK #6 AB300B;https://www.drogaraia.com.br/pincel-acrilico-profissional-kiss-new-york-6-ab300b-965335.html
989573;37.29;DROGARAIA;SHAMPOO ANTICASPA CLEAR 400ML LV400 PG 330ML LIMPEZ;https://www.drogaraia.com.br/shampoo-anticaspa-clear-400ml-lv400-pg-330ml-limpez-989573.html
7898522372087;45.9;DROGARAIA;CERA QUENTE DEPILATóRIA ROSA EM TABLETES CORPORAL FACIAL DEPILFLAX DEPILAçãO PROFISSIONAL 1KG;https://www.drogaraia.com.br/cera-quente-depilatoria-rosa-em-tabletes-corporal-facial-depilflax-depilacao-profissional-1kg-1016536.html
7898290554500;239.9;DROGARAIA;LOWELL KEEPING LISS LISO MAGICO DUO HOME CARE E MASCARA CAPILAR 240G;https://www.drogaraia.com.br/lowell-keeping-liss-liso-magico-duo-home-care-e-mascara-capilar-240g-774163.html
8436026215517;56.99;DROGARAIA;Kin Orthonet Solução para Limpeza de Aparelho de Dente Móvel com 500ml;https://www.drogaraia.com.br/kin-orthonet-desincrus-solucao-desincrustante-aparelho-de-boca-removiveis-500ml.html
3607342292192;169.55;DROGARAIA;Homme David Beckham Eau de Toilette 75ml - Perfume Masculino;https://www.drogaraia.com.br/perfume-david-beckham-homme-75-ml-768060.html
1018070;9.8;DROGARAIA;BOLD TUBE (30G) TRUFA DE CHOCOLATE;https://www.drogaraia.com.br/bold-tube-30g-trufa-de-chocolate-1018070.html
7898665434475;61.0;DROGARAIA;ISOCRISP 60G NEUTRO VITAFOR;https://www.drogaraia.com.br/isocrisp-60g-neutro-vitafor-822383.html
7908238807749;822.9;DROGARAIA;BERçO LUCK VOYAGE CINZA MESCLA;https://www.drogaraia.com.br/berco-luck-voyage-cinza-mescla-698406.html
7898641073414;170.0;DROGARAIA;FRESH WHEY (450G) - SABOR: CHOCOLATE E AVELã;https://www.drogaraia.com.br/fresh-whey-450g-sabor-chocolate-e-avela-1015425.html
7899706239189;5.55;DROGARAIA;Esmalte Cremoso Colorama Fini 8ml - Vem, Vai ter Fini!;https://www.drogaraia.com.br/colorama-esmalte-cremoso-colecao-fini-vem-vai-ter-fini-8ml.html
7896609546741;49.9;DROGARAIA;BLUSH PAYOT RETINOL PêSSEGO;https://www.drogaraia.com.br/blush-payot-retinol-pessego-937930.html
7895750902536;168.7;DROGARAIA;Creatina Body Action 150g + Deca Testona Evolution 3000mg;https://www.drogaraia.com.br/creatina-3000mg-com-glicina-150g-deca-testona-evolution-731250.html
7898416830105;20.13;DROGARAIA;CREME PARA PENTEAR MILENA KIDS CACHOS 250ML;https://www.drogaraia.com.br/creme-para-pentear-milena-kids-cachos-250ml-672199.html
7896013569800;17.55;DROGARAIA;CREME PARA PENTEAR NOVEX DOCTOR RICINO 300ML;https://www.drogaraia.com.br/creme-para-pentear-novex-doctor-ricino-300ml-989077.html
7896025523432;60.94;DROGARAIA;ESCOVA MARCO BONI OVAL WOOD LINE MADEIRA REF:8078;https://www.drogaraia.com.br/escova-marco-boni-oval-wood-line-madeira-ref-8078-938821.html
8003670823537;89.9;DROGARAIA;ASPIRADOR NASAL PHYSIOCLEAN CHICCO VERDE;https://www.drogaraia.com.br/aspirador-nasal-physioclean-chicco-verde-897630.html
703387016243;185.97;DROGARAIA;EMBAIXADOR GUSTTAVO LIMA  EDC FOR HER 100ML;https://www.drogaraia.com.br/embaixador-gusttavo-lima-edc-for-her-100ml-765075.html
7899598013478;62.99;DROGARAIA;DIABO VERDE #PRE-WORKOUT 250G MANSÃO MAROMBA - BLACK ICE;https://www.drogaraia.com.br/diabo-verde-pre-workout-250g-mansao-maromba-black-ice-1011375.html
3605972454652;426.88;DROGARAIA;Polo Ralph Lauren Cologne Intense 59ml - Perfume Masculino;https://www.drogaraia.com.br/perfume-ralph-lauren-polo-cologne-intense-eau-de-parfum-masculino-volume-da-unidade-59-ml-980036.html
7898050663398;22.79;DROGARAIA;LEAVE-IN HIDRATAçãO MARAVILHOSA VEGANO G-PRó GRIFFUS 210ML;https://www.drogaraia.com.br/leave-in-hidratac-o-maravilhosa-vegano-g-pro-griffus-210ml-971986.html
4015630066834;56.46;DROGARAIA;Tiras accu chek guide para controle de glicemia 25 tiras;https://www.drogaraia.com.br/tiras-accu-chek-guide-para-controle-de-glicemia-25-tiras-889957.html
7898519771732;203.99;DROGARAIA;6X CURCUMIM+ CURCUMINA E COLáGENO TIPO II EM GOTAS 30ML NATALY;https://www.drogaraia.com.br/6x-curcumim-curcumina-e-colageno-tipo-ii-em-gotas-30ml-nataly-968292.html
7798448383146;279.9;DROGARAIA;Kit Braé Glow Shine Máscara Beauty Sleep E Mini Essential (3 Produtos);https://www.drogaraia.com.br/kit-brae-glow-shine-mascara-beauty-sleep-e-mini-essential-3-produtos-877885.html
7899468501333;27.9;DROGARAIA;CáLCIO DE OSTRAS 400MG (60 CAPS) - PADRãO: ÚNICO;https://www.drogaraia.com.br/calcio-de-ostras-400mg-60-caps-padrao-unico-882400.html
978895;74.99;DROGARAIA;CHUPETA ULTRA AIR DUPLA LISA VERDE - 6-18M - PHILIPS AVENT;https://www.drogaraia.com.br/chupeta-ultra-air-dupla-lisa-verde-6-18m-philips-avent-978895.html
7893454100647;28.69;DROGARAIA;Cetobeta Cetoconazol 20mg/g + Betametasona 0,64mg/g + Neomicina 2,5mg/g Pomada Dermatológica 30g;https://www.drogaraia.com.br/cetobeta-pomada-30g.html
7908622803982;144.9;DROGARAIA;FAIXA ABDOMINAL 4 GOMOS ELÁS. FORRADA TAM. P |M| G KELOGEL;https://www.drogaraia.com.br/faixa-abdominal-4-gomos-elas-forrada-tam-p-m-g-kelogel-763909.html
3614223111404;569.0;DROGARAIA;Nomade Chloé Eau De Parfum - Perfume Feminino 30ml;https://www.drogaraia.com.br/chloe-nomade-edp-30ml-704055.html
871331;253.99;DROGARAIA;Kit Enrich Shampoo, Condicionador, Máscara E Oil Reflections - Wella;https://www.drogaraia.com.br/kit-enrich-shampoo-condicionador-mascara-e-oil-reflections-wella-871331.html
609963220915;221.0;DROGARAIA;Kit Principia Anti-Acne (5 produtos) - Gel De Limpeza Gl-01 350g + Sérum Ácidos Hialurônicos 30ml + Sérum Mix-01 30ml + Tônico Facial Ácido Lático 120ml + Protetor Solar com Niacinamida 40ml;https://www.drogaraia.com.br/kit-anti-acne-avancado-955980.html
7891025115649;10.44;DROGARAIA;Shake Proteico Danone YoPro Proteína 15g Coco 250ml;https://www.drogaraia.com.br/yopro-danone-coco-c-batata-doce-15g-proteina-250ml-948943.html
8018365270756;234.85;DROGARAIA;VERSACE RED JEANS WOMAN EAU DE TOILETTE 75ML;https://www.drogaraia.com.br/versace-red-jeans-woman-eau-de-toilette-75ml-1015836.html
28882;78.49;DROGARAIA;Kit Creatina Integralmédica Hardcore 120g 2 unidades;https://www.drogaraia.com.br/kit-2-creatina-150g-hardcore-integral-medica-150-g-sem-sabor-866355.html
7898623952737;15.79;DROGARAIA;CREME PARA PENTEAR SOS CACHOS MEL CACHOS INTENSOS SALON LINE 300G;https://www.drogaraia.com.br/creme-para-pentear-sos-cachos-mel-cachos-intensos-salon-line-300g-862831.html
7898923466750;24.9;DROGARAIA;Sabonete vegetal em barra floral lemon madressenza 180g;https://www.drogaraia.com.br/sabonete-vegetal-em-barra-floral-lemon-madressenza-180g-918919.html
7896018703629;39.9;DROGARAIA;Kit Huggies Disney Baby Max Clean Lenço Umedecido 48 Unidades (4 Unidades);https://www.drogaraia.com.br/toalhas-umedecidas-huggies-max-clean-192-unidades-640348.html
7898952570008;175.12;DROGARAIA;Bomba de Tirar Leite Elétrica Dellamed 3 Modos e 9 Intensidades;https://www.drogaraia.com.br/bomba-tira-leite-eletrica-3-modos-e-9-intensidades-dellamed-697375.html
6932159610608;16.9;DROGARAIA;BATOM ULTRA MATTE MELU BY RUBY ROSE CM359 3,8G;https://www.drogaraia.com.br/batom-ultra-matte-melu-by-ruby-rose-cm359-3-8g-976080.html
7891150091788;26.06;DROGARAIA;Creme Para Pentear Seda Boom Definição 1Kg;https://www.drogaraia.com.br/creme-para-pentear-seda-boom-definicao-1kg-824155.html
7798447882657;289.9;DROGARAIA;Truss Frizz Zero 260ml 2 Unidades;https://www.drogaraia.com.br/truss-frizz-zero-260ml-2-unidades-774094.html
7891317021702;9.99;DROGARAIA;VITAMINA D 500OUI SOLUçãO EUROFARMA 10ML;https://www.drogaraia.com.br/vitamina-d-500oui-solucao-eurofarma-10ml-984981.html
7893595234171;39.9;DROGARAIA;NAC 600MG + MOLIBDêNIO. 30 CAPS VEGANAS. BIOGENS Neutro;https://www.drogaraia.com.br/nac-600mg-molibdenio-30-caps-veganas-biogens-729797.html
7908134200453;111.19;DROGARAIA;Slinda Drospirenona 4mg 28 Comprimidos;https://www.drogaraia.com.br/slinda-drospirenona-4mg-com-28-comprimidos-revestidos.html
8411061991886;634.0;DROGARAIA;Bad Boy Le Parfum Carolina Herrera Eau de Parfum 50ml - Perfume Masculino;https://www.drogaraia.com.br/carolina-herrera-bad-boy-le-parfum-eau-de-parfum-perfume-masculino-50ml-975202.html
7908825791550;69.9;DROGARAIA;COLORAçAO SOFT COLOR 67 CHOCOLATE - KIT C/2UN;https://www.drogaraia.com.br/coloracao-soft-color-67-chocolate-kit-c-2un-1005812.html
997907;130.9;DROGARAIA;KIT 06 LOçãO PóS BARBA GOOT EMBAIXADOR 200ML;https://www.drogaraia.com.br/kit-06-locao-pos-barba-goot-embaixador-200ml-997907.html
7898667820337;78.9;DROGARAIA;BRAé DIVINE TEN IN ONE 10 IN 1 LEAVE-IN 200G;https://www.drogaraia.com.br/brae-divine-ten-in-one-10-in-1-leave-in-200g-992309.html
7898739262409;26.9;DROGARAIA;TURKESTERONE 500MG 30 CáPSULAS - FORMULADOS FARMA;https://www.drogaraia.com.br/turkesterone-500mg-30-capsulas-formulados-farma-981807.html
7891066002380;39.99;DROGARAIA;Acessórios para Inalador Caretech Nebulizador Infantil Air Comp MD 1500T;https://www.drogaraia.com.br/caretech-kit-nebulizacao-infantil-turbo-contendo-1-mascara-1-copinho-1-injetor-e-1-magueira-md1200rd.html
7896094211858;99.91;DROGARAIA;PROTETOR SOLAR FILTRUM COLOR FPS70 COR 4.0 50G;https://www.drogaraia.com.br/protetor-solar-filtrum-color-fps70-cor-4-0-50g-934934.html
872578;361.9;DROGARAIA;WHEY PROTEIN CONCENTRADO (1,8KG) COOKIES DUX NUTRITION;https://www.drogaraia.com.br/whey-protein-concentrado-1-8kg-cookies-dux-nutrition-872578.html
981496;799.0;DROGARAIA;PURE XS PACO RABANNE EAU DE TOILETTE PERFUME MASCULINO TAMANHO:150ML;https://www.drogaraia.com.br/pure-xs-paco-rabanne-eau-de-toilette-perfume-masculino-tamanho-150ml-981496.html
631430106354;22.9;DROGARAIA;B12 METILCOBALAMINA LíQUIDA 30ML, YAYá NATURAL (MORANGO);https://www.drogaraia.com.br/b12-metilcobalamina-liquida-30ml-yaya-natural-morango-1007328.html
980079;699.0;DROGARAIA;PACO RABANNE INVICTUS EAU DE TOILETTE - PERFUME MASCULINO 50ML;https://www.drogaraia.com.br/paco-rabanne-invictus-eau-de-toilette-perfume-masculino-50ml-980079.html
7891033588381;19.99;DROGARAIA;Eudora Instance Ameixa E Praliné Creme Para Mãos 30G;https://www.drogaraia.com.br/eudora-instance-ameixa-e-praline-creme-para-maos-30g-976436.html
7897133174677;22.4;DROGARAIA;METILCOBALAMINA 60 CáPSULAS LOT NUTRITION;https://www.drogaraia.com.br/metilcobalamina-60-capsulas-lot-nutrition-1011248.html
7898640655437;36.55;DROGARAIA;SOMBRA SOBRANCELHA VIZZELA DUO 02;https://www.drogaraia.com.br/sombra-sobrancelha-vizzela-duo-02-946752.html
7896023774874;21.9;DROGARAIA;MELATONINA EM GOTAS CATARINENSE MARACUJá 20ML;https://www.drogaraia.com.br/melatonina-em-gotas-catarinense-maracuja-20ml-974160.html
8426017066372;625.6;DROGARAIA;SOLO LOEWE MASCULINO EDT 100ML - SEM CAIXA;https://www.drogaraia.com.br/solo-loewe-masculino-edt-100ml-sem-caixa-1016683.html
7898906376663;144.49;DROGARAIA;Keflex Cefalexina 250mg/5ml Suspensão Oral 100ml;https://www.drogaraia.com.br/keflex-250-mg-suspensao-100-ml.html
7898101299439;692.0;DROGARAIA;MEGA Q10 ANEW 240 CAPS;https://www.drogaraia.com.br/mega-q10-anew-240-caps-684430.html
7896798601894;5.49;DROGARAIA;Barra de Cereal Nutsbar Sabor Castanhas e Sementes 25g;https://www.drogaraia.com.br/nuts-bar-barra-ceral-castanhas-e-sementes-25g.html
